Actual_Salary,Predicted_Salary,Absolute_Error,Error_Percentage
159999.9999999999,162179.88825740165,2179.8882574017334,1.3624301608760843
149999.99999999994,158649.27888538988,8649.27888538994,5.766185923593295
130000.00000000006,130104.40396269271,104.4039626926533,0.08031074053281019
200000.00000000006,200928.00859458634,928.0085945862811,0.4640042972931404
79999.99999999994,81938.60169830786,1938.601698307917,2.423252122884898
120000.00000000006,119254.33861952857,745.6613804714871,0.6213844837262389
89999.99999999997,81787.56901115131,8212.43098884866,9.124923320942958
30000.000000000007,27031.602363978764,2968.3976360212437,9.894658786737477
25000.0,24894.253787186848,105.74621281315194,0.42298485125260776
159999.9999999999,159572.52788575843,427.47211424147827,0.2671700714009241
124999.99999999991,122676.24053954883,2323.7594604510814,1.8590075683608664
79999.99999999994,80357.83706721601,357.8370672160672,0.4472963340200844
95000.00000000006,83827.09597592434,11172.904024075717,11.76095160429022
170000.0,166142.9124347889,3857.0875652111135,2.2688750383594787
65000.00000000002,66267.37106439327,1267.37106439325,1.9498016375280762
89999.99999999997,90781.2257287218,781.2257287218235,0.8680285874686932
69999.99999999994,112642.37814388919,42642.37814388925,60.91768306269898
105000.00000000003,105278.49269198459,278.4926919845602,0.2652311352233906
60000.00000000002,59909.69257460383,90.3074253961895,0.15051237566031578
57000.000000000044,56718.34911743766,281.6508825623823,0.49412435537260024
159999.9999999999,162804.2602194683,2804.260219468386,1.752662637167742
139999.9999999999,136733.85194345762,3266.148056542297,2.3329628975302135
65000.00000000002,66551.47910751958,1551.4791075195608,2.386890934645477
149999.99999999994,134625.01874422884,15374.981255771097,10.249987503847402
210000.0000000001,210867.2349603849,867.2349603848124,0.41296902875467245
185000.00000000006,185266.25586331802,266.25586331795785,0.14392208827997716
159999.9999999999,160957.4036022119,957.4036022119981,0.5983772513824991
79999.99999999994,80334.48205109869,334.48205109874834,0.41810256387343575
117903.9999999999,127584.73661463514,9680.736614635243,8.210693966816438
149999.99999999994,158649.27888538988,8649.27888538994,5.766185923593295
159999.9999999999,161368.10020517872,1368.1002051788091,0.8550626282367562
100000.00000000001,100076.35033925362,76.35033925360767,0.07635033925360765
155000.0,153763.4853593873,1236.5146406127024,0.7977513810404532
85000.0,89284.20621393822,4284.206213938218,5.040242604633197
179999.99999999997,179973.43192261786,26.56807738210773,0.014760042990059853
44999.999999999985,42215.481375400486,2784.518624599499,6.187819165776666
139999.9999999999,142644.54175440734,2644.54175440743,1.8889583960053085
74999.99999999996,71882.63393029796,3117.366069701995,4.156488092935995
54999.99999999995,55450.194587889666,450.1945878897168,0.8185356143449403
130000.00000000006,130407.64595563113,407.64595563107287,0.31357381202390205
85000.0,81732.89944523427,3267.100554765726,3.8436477114890892
34999.99999999997,34272.10078520586,727.8992147941099,2.0797120422688873
170000.0,121745.04689639059,48254.95310360941,28.385266531534945
139999.9999999999,136365.2663613537,3634.7336386462266,2.596238313318735
159999.9999999999,143748.59281193142,16251.407188068493,10.157129492542815
130000.00000000006,130104.40396269271,104.4039626926533,0.08031074053281019
79999.99999999994,78423.56869037687,1576.4313096230762,1.9705391370288465
179999.99999999997,179792.14331114767,207.85668885230552,0.11547593825128087
109999.99999999991,111309.10201469113,1309.1020146912197,1.1900927406283826
79999.99999999994,79823.74039089307,176.2596091068699,0.22032451138358755
171651.99999999985,165537.9522172215,6114.047782778362,3.561885549121692
185000.00000000006,184133.14512392133,866.8548760787235,0.4685702032857963
115000.00000000009,109160.87449778362,5839.12550221647,5.07750043670997
79999.99999999994,80562.8166794321,562.8166794321587,0.7035208492901989
42999.99999999997,43951.20836138821,951.2083613882423,2.2121124683447513
115000.00000000009,117061.76739411245,2061.767394112365,1.7928412122716204
54999.99999999995,69172.8149456615,14172.814945661557,25.7687544466574
170000.0,122889.21245281708,47110.78754718292,27.71222796893113
194999.99999999994,195280.4764207083,280.4764207083499,0.14383406190171796
122580.99999999994,125533.11426766304,2952.114267663099,2.408296773287133
159999.9999999999,160723.55474770133,723.5547477014188,0.452221717313387
149999.99999999994,146248.59346828508,3751.4065317148634,2.50093768780991
34999.99999999997,34272.10078520586,727.8992147941099,2.0797120422688873
79999.99999999994,80334.48205109869,334.48205109874834,0.41810256387343575
79999.99999999994,79852.51184859626,147.48815140368242,0.18436018925460318
25000.0,25010.128400577054,10.12840057705398,0.04051360230821592
54999.99999999995,54388.70300870746,611.2969912924891,1.1114490750772539
139999.9999999999,141619.74131198146,1619.7413119815465,1.1569580799868195
95000.00000000006,97783.65368733082,2783.653687330763,2.9301617761376435
39999.99999999997,40844.04505238196,844.0450523819891,2.110112630954974
109999.99999999991,111669.80725211836,1669.8072521184513,1.5180065928349569
190000.00000000012,186934.67400730654,3065.3259926935716,1.6133294698387208
185000.00000000006,183566.62670923525,1433.3732907648082,0.7747963733863825
139999.9999999999,138091.18209046457,1908.8179095353407,1.3634413639538157
120000.00000000006,120950.0336957146,950.0336957145482,0.7916947464287899
170000.0,137475.71025224915,32524.289747750852,19.131935145735795
179999.99999999997,176851.22553152443,3148.7744684755453,1.749319149153081
148436.9999999999,155064.13270273336,6627.132702733448,4.464609701579426
130000.00000000006,131170.5066143041,1170.5066143040312,0.9003897033107928
54999.99999999995,54990.37169749107,9.628302508877823,0.017506004561596056
139999.9999999999,140973.70904119904,973.709041199123,0.695506457999374
155000.0,150789.55264246245,4210.447357537545,2.7164176500242223
60000.00000000002,59745.317653270096,254.68234672992548,0.42447057788320897
70216.00000000003,76929.4473992777,6713.447399277677,9.561136207242898
200000.00000000006,199339.04549603965,660.9545039604127,0.3304772519802063
34999.99999999997,35600.41894418464,600.4189441846684,1.7154826976704827
120000.00000000006,110390.1280533641,9609.871946635962,8.00822662219663
126999.99999999996,135609.1139637084,8609.113963708442,6.778829892683815
109999.99999999991,132144.05996138204,22144.059961382125,20.130963601256493
79999.99999999994,81497.20761987337,1497.2076198734285,1.871509524841787
54999.99999999995,55122.78968992272,122.78968992277078,0.22325398167776525
54999.99999999995,55061.747991480406,61.74799148045713,0.11226907541901307
39999.99999999997,39925.18229311792,74.81770688205143,0.1870442672051287
210000.0000000001,211487.00428227385,1487.0042822737596,0.7080972772732186
105000.00000000003,104336.6106844566,663.3893155434343,0.631799348136604
74999.99999999996,71224.99317468319,3775.00682531677,5.0333424337556965
95845.00000000003,95506.14086126316,338.85913873686513,0.35354910400841466
194999.99999999994,197534.98263539188,2534.9826353919343,1.299991095072787
54999.99999999995,53708.79827954023,1291.2017204597214,2.34763949174495
69999.99999999994,74555.79954800663,4555.799548006689,6.5082850685809905
190000.00000000012,164337.87456778335,25662.125432216766,13.506381806429868
130000.00000000006,108148.70604920313,21851.293950796928,16.808687654459167
52612.000000000044,52085.987959482154,526.0120405178895,0.9997948006498311
69999.99999999994,66804.70711499553,3195.292885004412,4.564704121434878
65000.00000000002,64574.68455598385,425.3154440161743,0.6543314523325756
170000.0,163309.64234224358,6690.357657756424,3.9355045045626023
139999.9999999999,142289.70157709412,2289.701577094209,1.6355011264958645
109999.99999999991,105714.64430101535,4285.355698984567,3.895777908167792
88677.99999999996,77481.73277207023,11196.267227929726,12.625755235717687
101733.00000000001,104546.00368968309,2813.0036896830716,2.765084770608427
105000.00000000003,103420.59307869527,1579.4069213047624,1.504197067909297
190000.00000000012,188767.18075767587,1232.8192423242435,0.648852232802233
65000.00000000002,64669.220073655684,330.7799263443376,0.5088921943759037
39999.99999999997,40942.453680099476,942.4536800995047,2.3561342002487633
179999.99999999997,180168.1091557594,168.10915575941908,0.0933939754218995
39999.99999999997,37180.20476417291,2819.795235827063,7.049488089567663
54999.99999999995,54885.21551088658,114.78448911337182,0.20869907111522168
120000.00000000006,120551.15643365064,551.1564336505835,0.4592970280421527
39999.99999999997,26605.447906929207,13394.552093070764,33.486380232676936
65000.00000000002,65001.62612912025,1.6261291202317807,0.0025017371080488927
100000.00000000001,107166.20933176883,7166.209331768812,7.166209331768811
139999.9999999999,144479.79850397445,4479.79850397454,3.1998560742675304
135000.00000000012,131383.97431711573,3616.025682884385,2.67853754287732
139999.9999999999,140527.1172186414,527.1172186414769,0.37651229902962663
100000.00000000001,108897.04412069262,8897.044120692604,8.897044120692604
79999.99999999994,80184.67222519217,184.67222519223287,0.23084028149029126
151999.99999999997,149912.7712964948,2087.228703505185,1.3731767786218325
159999.9999999999,170576.4016404431,10576.40164044319,6.610251025276997
30000.000000000007,28580.126534247556,1419.873465752451,4.7329115525081695
95000.00000000006,90607.12706345363,4392.872936546424,4.624076775312023
25000.0,25093.008157374577,93.00815737457742,0.3720326294983097
69999.99999999994,68839.29513258896,1160.7048674109828,1.6581498105871197
170000.0,167072.23215523345,2927.767844766553,1.7222163792744432
159999.9999999999,162725.65386494115,2725.6538649412396,1.7035336655882756
170000.0,184470.66220251413,14470.662202514126,8.512154236773014
170000.0,166259.23199923174,3740.7680007682648,2.200451765157803
50000.00000000001,63190.62433374182,13190.624333741813,26.38124866748362
159999.9999999999,162804.2602194683,2804.260219468386,1.752662637167742
34999.99999999997,30324.95271714776,4675.047282852211,13.357277951006328
69999.99999999994,73099.73935770514,3099.739357705199,4.428199082436002
119000.0000000001,118755.09838667882,244.90161332128628,0.20579967505990424
54999.99999999995,56265.31267193791,1265.312671937958,2.3005684944326528
85000.0,85238.89845153717,238.89845153717033,0.2810570018084357
120000.00000000006,120021.03450668516,21.034506685100496,0.01752875557091707
50000.00000000001,50112.22324905227,112.2232490522656,0.22444649810453116
60000.00000000002,62787.46955775895,2787.46955775893,4.6457825962648815
100000.00000000001,99998.65619147544,1.3438085245725233,0.001343808524572523
25000.0,28303.261462445833,3303.261462445833,13.213045849783331
31000.000000000022,30449.30984671492,550.6901532851007,1.776419849306775
32000.000000000007,31481.44578536085,518.5542146391563,1.620481920747363
74999.99999999996,75238.65450693508,238.65450693512685,0.31820600924683595
79999.99999999994,79818.4357728238,181.56422717614623,0.22695528397018294
115000.00000000009,107338.27345003813,7661.726549961953,6.662370913010389
159999.9999999999,188375.80145260232,28375.801452602405,17.734875907876514
113000.0,113813.53553536783,813.5355353678315,0.7199429516529482
185000.00000000006,184177.58204756965,822.4179524304054,0.4445502445569758
130000.00000000006,129300.40783412012,699.5921658799343,0.5381478199076415
179999.99999999997,179653.58493681785,346.41506318212487,0.1924528128789583
126520.00000000009,112834.80429688538,13685.195703114703,10.816626385642344
120000.00000000006,118852.98544591508,1147.0145540849771,0.9558454617374805
170000.0,170519.13161165258,519.131611652585,0.3053715362662265
196000.00000000006,195149.84833089777,850.1516691022844,0.433750851582798
60000.00000000002,60207.54535424503,207.545354245005,0.34590892374167487
130000.00000000006,78907.29514988964,51092.704850110415,39.30208065393107
198000.00000000012,195152.59269921598,2847.407300784136,1.4380844953455225
115000.00000000009,116570.58572131397,1570.5857213138806,1.3657267141859821
25999.999999999985,25370.132299604633,629.8677003953526,2.422568078443665
100000.00000000001,103509.61176117336,3509.61176117335,3.5096117611733493
69999.99999999994,95499.8307088413,25499.830708841357,36.428329584059114
200000.00000000006,201486.4982676373,1486.4982676372456,0.7432491338186226
44999.999999999985,50419.92136837376,5419.921368373776,12.044269707497286
79767.00000000001,81978.43314659144,2211.4331465914292,2.7723659490659407
200000.00000000006,203713.36520216794,3713.3652021678863,1.8566826010839426
89999.99999999997,85949.18062017777,4050.8193798222055,4.500910422024675
100000.00000000001,97417.15461726619,2582.8453827338235,2.582845382733823
185037.99999999985,184863.0180918291,174.9819081707683,0.0945653909849698
159999.9999999999,154999.38532530077,5000.6146746991435,3.1253841716869664
30000.000000000007,30323.210031282564,323.2100312825569,1.0773667709418562
185000.00000000006,186240.7609405475,1240.7609405474504,0.6706815894851081
161392.99999999988,162905.05028585222,1512.0502858523396,0.9368747627544817
122485.0,130627.72194474809,8142.721944748089,6.647933987629578
50000.00000000001,49137.66984130161,862.3301586983944,1.7246603173967885
65000.00000000002,65078.32949380467,78.32949380464561,0.12050691354560858
95000.00000000006,95852.32009785071,852.3200978506502,0.897179050369105
109999.99999999991,107491.18540284134,2508.8145971585764,2.2807405428714347
100000.00000000001,99577.57083758202,422.4291624179896,0.4224291624179895
170000.0,167017.09903741177,2982.900962588232,1.754647625051901
25999.999999999985,27073.421513630477,1073.421513630492,4.128544283194202
170000.0,172831.84496735976,2831.8449673597643,1.6657911572704496
159999.9999999999,155947.70221650938,4052.2977834905323,2.5326861146815838
109999.99999999991,108829.68568240618,1170.3143175937294,1.063922106903391
69999.99999999994,73218.85881187278,3218.8588118728367,4.598369731246913
139999.9999999999,141372.7542430291,1372.7542430291942,0.9805387450208536
179999.99999999997,175075.56788161764,4924.432118382334,2.7357956213235193
194999.99999999994,197335.127646787,2335.127646787063,1.1975013573266993
120000.00000000006,124380.31278259505,4380.312782594992,3.650260652162492
25000.0,27073.421513630477,2073.4215136304774,8.29368605452191
144999.99999999994,146506.19774449384,1506.1977444938966,1.038757065168205
190000.00000000012,192504.90606046232,2504.9060604622064,1.3183716107695815
135000.00000000012,129731.20323643846,5268.7967635616515,3.902812417453072
50000.00000000001,50500.70261204665,500.70261204663984,1.0014052240932796
70216.00000000003,79148.57810588495,8932.578105884924,12.721570733002336
174985.00000000003,176210.65652543862,1225.6565254385932,0.7004351946958842
34999.99999999997,39077.172963456826,4077.1729634568546,11.649065609876736
89999.99999999997,89929.1621122166,70.83788778337475,0.07870876420374975
61000.000000000044,60282.67706696147,717.322933038573,1.175939234489463
124999.99999999991,126516.24488140606,1516.24488140615,1.2129959051249206
149999.99999999994,148703.06543965443,1296.934560345515,0.8646230402303436
139999.9999999999,137975.48804268934,2024.5119573105767,1.4460799695075557
65839.99999999997,66190.81044882916,350.8104488291865,0.5328226744064196
65000.00000000002,64431.193231996236,568.8067680037857,0.8750873353904393
179999.99999999997,180588.4053817998,588.405381799821,0.3268918787776784
185000.00000000006,182612.71405611606,2387.285943883995,1.2904248345318887
139999.9999999999,137959.14915970466,2040.8508402952575,1.457750600210899
106217.99999999999,110541.35399295334,4323.353992953358,4.070264920214426
111535.00000000004,121942.01591467806,10407.01591467802,9.330717635431046
128999.00000000004,131407.43318589922,2408.433185899179,1.867016942688841
32999.99999999998,33643.54710491627,643.5471049162952,1.9501427421705928
120000.00000000006,117837.13626859283,2162.8637314072257,1.802386442839354
135000.00000000012,137704.86941455473,2704.869414554618,2.0036069737441595
50000.00000000001,50345.85706971166,345.857069711652,0.691714139423304
54999.99999999995,54314.2048217671,685.7951782328455,1.2469003240597203
25000.0,24953.885196846335,46.11480315366498,0.18445921261465992
120000.00000000006,127872.05939070643,7872.059390706374,6.560049492255309
89999.99999999997,70258.75293769679,19741.247062303184,21.934718958114658
190000.00000000012,195179.15466502652,5179.154665026406,2.7258708763296857
139999.9999999999,140202.37386270805,202.37386270813295,0.14455275907723789
105000.00000000003,107833.02584025907,2833.0258402590407,2.6981198478657524
179999.99999999997,181421.29684648637,1421.2968464863952,0.7896093591591085
104701.99999999999,99713.65164916457,4988.348350835411,4.764329574253989
79999.99999999994,89800.8228839574,9800.822883957459,12.251028604946832
210000.0000000001,203452.33020411638,6547.669795883703,3.117937998039857
44999.999999999985,45062.15133553162,62.151335531634686,0.13811407895918823
181901.99999999997,181595.8582275726,306.1417724273633,0.16830038835601774
25999.999999999985,25948.587800220845,51.41219977914079,0.1977392299197724
50000.00000000001,50702.493972158496,702.4939721584888,1.4049879443169773
83577.0,95411.47761491187,11834.47761491187,14.159969387405468
60000.00000000002,46672.04481219281,13327.955187807209,22.21325864634534
149999.99999999994,140766.10742999773,9233.892570002208,6.155928380001475
36000.00000000002,35720.729113231995,279.2708867680267,0.7757524632445181
130000.00000000006,127015.4091464681,2984.5908535319613,2.2958391181015076
190000.00000000012,189555.24855601473,444.75144398538396,0.23407970736072825
159999.9999999999,159540.30946399237,459.69053600754705,0.28730658500471706
50000.00000000001,49371.26943365734,628.7305663426669,1.2574611326853335
121119.99999999993,121204.07770605217,84.07770605223777,0.06941686430997178
85000.0,88182.87364360798,3182.873643607978,3.7445572277740915
179999.99999999997,190449.6568555318,10449.656855531823,5.805364919739903
155000.0,153763.4853593873,1236.5146406127024,0.7977513810404532
165000.00000000006,167823.34395898026,2823.3439589802,1.7111175508970904
100000.00000000001,102669.57623391322,2669.576233913205,2.6695762339132045
139999.9999999999,142372.6887601487,2372.688760148798,1.694777685820571
109999.99999999991,109596.88606856094,403.11393143897294,0.3664672103990666
85000.0,84996.72290357023,3.2770964297669707,0.0038554075644317305
190000.00000000012,191168.16427359285,1168.1642735927308,0.6148233018909105
100000.00000000001,118655.72422744358,18655.72422744357,18.655724227443567
68472.0,73732.299359461,5260.299359461002,7.68240939283357
185000.00000000006,183143.28503222726,1856.7149677728012,1.0036297123096218
192755.9999999999,191009.48322699414,1746.5167730057728,0.9060764764810297
109999.99999999991,108002.78461059034,1997.2153894095682,1.8156503540086997
100000.00000000001,108335.03293462184,8335.03293462182,8.33503293462182
50000.00000000001,50354.307118178476,354.30711817846895,0.7086142363569378
32000.000000000007,29519.435470970435,2480.5645290295724,7.751764153217413
89999.99999999997,88333.3993037713,1666.6006962286774,1.8517785513651976
156999.9999999999,155811.28946116843,1188.7105388314812,0.7571404705933006
95000.00000000006,89786.10445100804,5213.895548992019,5.488311104202122
25000.0,24913.346656257323,86.65334374267695,0.3466133749707078
200000.00000000006,200426.69929806783,426.6992980677751,0.21334964903388748
98567.99999999999,96432.34791462107,2135.6520853789116,2.1666789276224656
139999.9999999999,137892.09181574374,2107.908184256172,1.5056487030401238
54999.99999999995,52551.607685348026,2448.392314651923,4.451622390276228
130000.00000000006,134910.09420707717,4910.0942070771125,3.7769955439054694
190000.00000000012,188767.18075767587,1232.8192423242435,0.648852232802233
136448.99999999997,138141.9017093604,1692.9017093604198,1.2406845849807768
64181.99999999997,65345.04261007771,1163.0426100777404,1.812100916265839
34999.99999999997,34329.15774912846,670.8422508715084,1.9166921453471688
69999.99999999994,76231.13508473765,6231.135084737703,8.901621549625299
100000.00000000001,114893.06829053846,14893.068290538446,14.893068290538444
174305.00000000015,180478.91717062923,6173.91717062908,3.5420195465586612
79999.99999999994,79541.64811627887,458.3518837210722,0.5729398546513407
89999.99999999997,89929.9318053747,70.06819462527346,0.0778535495836372
57000.000000000044,59053.338194035554,2053.3381940355102,3.6023477088342255
139999.9999999999,143306.0869160132,3306.0869160133007,2.3614906542952165
109999.99999999991,110407.8243835389,407.8243835389876,0.3707494395808981
179999.99999999997,184756.6861180251,4756.686118025129,2.64260339890285
186320.9999999999,186360.6134308123,39.613430812372826,0.02126085133311481
25000.0,24938.04927749428,61.95072250572048,0.24780289002288192
69999.99999999994,67225.78880265089,2774.2111973490537,3.9631588533557944
69999.99999999994,72614.06101941565,2614.0610194157052,3.7343728848795816
115000.00000000009,116234.54817433431,1234.5481743342243,1.0735201515949768
160975.9999999999,154732.51436566556,6243.485634334356,3.878519552190612
25000.0,25333.813301082282,333.8133010822821,1.3352532043291285
34999.99999999997,34400.870425975765,599.1295740242058,1.7117987829263037
144999.99999999994,147784.7517370254,2784.75173702545,1.9205184393278971
50000.00000000001,50381.11664951241,381.1166495124053,0.7622332990248105
135000.00000000012,130477.90930791161,4522.090692088503,3.3496968089544437
99747.00000000004,97547.59401261863,2199.4059873814113,2.2049845984154013
77000.0,78265.22781780039,1265.2278178003908,1.6431530101303777
69999.99999999994,69235.64587859281,764.3541214071302,1.091934459153044
49000.0,49285.61032057921,285.61032057920966,0.5828782052636932
65000.00000000002,63927.506708537214,1072.493291462808,1.64998967917355
74999.99999999996,78749.28582867474,3749.2858286747796,4.999047771566375
120000.00000000006,123446.82328797315,3446.823287973093,2.8723527399775763
79999.99999999994,80457.37493168275,457.37493168280344,0.5717186646035047
155943.99999999994,157687.59476046675,1743.5947604668036,1.1180903147712025
69999.99999999994,71913.03018815021,1913.0301881502673,2.7329002687860986
115000.00000000009,114230.61272041265,769.387279587434,0.6690324170325508
139999.9999999999,142089.19082091824,2089.190820918331,1.4922791577988088
41000.00000000003,42344.79858738848,1344.7985873884536,3.279996554605982
170000.0,168555.98051375928,1444.0194862407225,0.849423227200425
139999.9999999999,150097.59524917929,10097.595249179372,7.212568035128128
185000.00000000006,171246.85913559372,13753.140864406334,7.434130196976395
159999.9999999999,160957.4036022119,957.4036022119981,0.5983772513824991
54999.99999999995,54984.82990133666,15.170098663285899,0.02758199756961075
139999.9999999999,151191.75548373157,11191.755483731657,7.994111059808332
79999.99999999994,74974.17763992597,5025.822360073973,6.282277950092471
54999.99999999995,51174.51690000886,3825.483099991092,6.955423818165627
54999.99999999995,52514.67652401241,2485.3234759875413,4.518769956340988
54999.99999999995,56901.689739118636,1901.6897391186867,3.457617707488524
91999.99999999999,90559.55347544017,1440.4465245598112,1.5657027440867517
105000.00000000003,100755.83892977727,4244.161070222763,4.042058162116915
181699.00000000012,177184.41550568043,4514.584494319686,2.4846501600557422
120000.00000000006,121335.75925936624,1335.759259366183,1.1131327161384854
89999.99999999997,95595.22418200111,5595.22418200114,6.216915757779047
120000.00000000006,103479.2742363433,16520.725763656752,13.767271469713954
139999.9999999999,136539.19450009256,3460.80549990735,2.4720039285052517
179999.99999999997,178760.97987018814,1239.0201298118336,0.6883445165621299
30000.000000000007,26319.459505093146,3680.5404949068616,12.268468316356202
89999.99999999997,88920.40623671065,1079.5937632893183,1.1995486258770207
190000.00000000012,187054.10153338307,2945.8984666170436,1.550472877166864
124999.99999999991,122613.13945814461,2386.860541855305,1.9094884334842455
39999.99999999997,41845.684635103964,1845.684635103993,4.614211587759986
170000.0,164260.57668277647,5739.423317223525,3.3761313630726617
34999.99999999997,34048.59911114772,951.4008888522512,2.7182882538635775
52612.000000000044,50555.2052747936,2056.7947252064405,3.9093642613974735
130000.00000000006,123180.88804209162,6819.111957908433,5.2454707368526385
130000.00000000006,129845.01960931135,154.98039068871003,0.11921568514516151
85000.0,80731.75443706551,4268.245562934491,5.021465368158226
109999.99999999991,107910.4683874092,2089.531612590712,1.8995741932642851
54999.99999999995,53927.33252844404,1072.6674715559056,1.9503044937380123
149999.99999999994,134165.57876858057,15834.421231419372,10.556280820946252
145999.99999999994,146415.12864244633,415.1286424463906,0.28433468660711697
185000.00000000006,175312.1869002908,9687.813099709252,5.236655729572567
159999.9999999999,183285.17052773168,23285.170527731767,14.553231579832362
120000.00000000006,118812.6346776399,1187.3653223601577,0.9894711019667977
60000.00000000002,56967.436587286735,3032.563412713287,5.054272354522143
159999.9999999999,163637.99203963988,3637.9920396399684,2.2737450247749815
109999.99999999991,111283.86769713255,1283.867697132635,1.16715245193876
34999.99999999997,34602.669615949635,397.33038405033585,1.1352296687152463
179999.99999999997,180959.71987987772,959.7198798777536,0.5331777110431966
25000.0,25130.534417211566,130.5344172115656,0.5221376688462623
50000.00000000001,49417.945888667185,582.0541113328218,1.1641082226656434
115000.00000000009,110477.106760523,4522.893239477082,3.9329506430235464
179999.99999999997,180908.0207131239,908.0207131239295,0.5044559517355165
120000.00000000006,111639.81030233149,8360.189697668568,6.966824748057136
134641.00000000003,144214.6718083592,9573.671808359184,7.110517456316562
65000.00000000002,65433.70165642021,433.7016564201913,0.6672333175695249
120000.00000000006,120387.96701318545,387.9670131853927,0.32330584432116044
152168.0,158510.9063884844,6342.906388484407,4.168357597184958
135000.00000000012,147641.81034226614,12641.81034226602,9.364303957234082
124999.99999999991,126401.42771031319,1401.4277103132772,1.1211421682506226
49000.0,49157.176191492974,157.17619149297389,0.320767737740763
170000.0,168027.77516522395,1972.224834776047,1.1601322557506157
190000.00000000012,188601.60981052017,1398.3901894799492,0.7359948365683938
50000.00000000001,69636.85603979645,19636.85603979644,39.27371207959287
161567.99999999997,182514.27325648387,20946.273256483895,12.964369959697402
159999.9999999999,156018.28167543965,3981.7183245602646,2.4885739528501665
196000.00000000006,195994.07539804836,5.924601951701334,0.0030227560978068023
89999.99999999997,91070.19786263343,1070.1978626334603,1.1891087362594006
139999.9999999999,134159.51849203155,5840.481507968361,4.171772505691689
30000.000000000007,28721.020162628018,1278.9798373719896,4.263266124573298
200000.00000000006,199385.41761880022,614.5823811998416,0.3072911905999207
159999.9999999999,154061.53110350587,5938.468896494043,3.711543060308779
95000.00000000006,97313.0162322344,2313.0162322343385,2.4347539286677233
159999.9999999999,161834.81636054898,1834.81636054907,1.1467602253431692
109999.99999999991,106424.49087925482,3575.5091207450896,3.250462837040993
149999.99999999994,150343.35713331364,343.35713331369334,0.2289047555424623
79999.99999999994,80731.75443706551,731.7544370655669,0.9146930463319592
39999.99999999997,43857.44670963753,3857.4467096375593,9.643616774093905
190000.00000000012,189957.14276301375,42.85723698636866,0.022556440519141387
130000.00000000006,149103.65116480636,19103.651164806302,14.695116280620226
210000.0000000001,206740.83483051503,3259.165169485059,1.5519834140405036
113000.0,115046.09327553365,2046.0932755336544,1.8107020137465968
44999.999999999985,43249.762459537684,1750.2375404623017,3.889416756582894
106491.99999999991,109602.50233934699,3110.5023393470765,2.9208788823076657
25000.0,25130.534417211566,130.5344172115656,0.5221376688462623
104378.00000000009,103156.2484848361,1221.7515151639818,1.170506730502578
130000.00000000006,125669.50760167654,4330.49239832352,3.3311479987103985
185000.00000000006,184068.39521973877,931.6047802612884,0.5035701514925881
139999.9999999999,141992.06089261489,1992.0608926149725,1.422900637582124
179180.0000000001,177220.383047983,1959.6169520170952,1.0936583056240061
144999.99999999994,147732.90974342,2732.909743420052,1.884765340289692
130000.00000000006,130675.25227863542,675.2522786353657,0.5194248297195118
176642.9999999999,174668.4086644059,1974.5913355940138,1.1178429576003661
73640.00000000006,72757.07405129599,882.925948704069,1.1989760302879797
204000.00000000006,200897.48107999162,3102.5189200084424,1.5208426078472752
89999.99999999997,108395.54306392286,18395.543063922887,20.43949229324766
158965.99999999988,163167.12458408892,4201.124584089033,2.6427818427141885
79999.99999999994,79086.75817586499,913.2418241349515,1.1415522801686901
161567.99999999997,181730.3503214139,20162.35032141392,12.479173054945239
124999.99999999991,122124.71921164716,2875.2807883527566,2.300224630682207
159999.9999999999,170028.87950257616,10028.879502576252,6.268049689110161
60000.00000000002,57242.25006431265,2757.749935687374,4.596249892812288
200000.00000000006,198936.73161177948,1063.2683882205747,0.5316341941102872
139999.9999999999,136733.85194345762,3266.148056542297,2.3329628975302135
85000.0,85301.91622859483,301.91622859482595,0.3551955630527364
65000.00000000002,64448.71960519266,551.2803948073633,0.8481236843190203
109999.99999999991,117435.65110021042,7435.651100210511,6.759682818373197
34999.99999999997,34433.59712095027,566.4028790497032,1.6182939401420107
159999.9999999999,161113.60596167692,1113.6059616770071,0.6960037260481299
107717.99999999994,112328.28742952259,4610.28742952265,4.279960108359469
91999.99999999999,91262.01102500816,737.988974991822,0.802161929338937
60000.00000000002,56837.22094165746,3162.7790583425594,5.27129843057093
100867.0,104264.04348272565,3397.043482725654,3.3678442728797866
99362.99999999997,106161.92448989453,6798.924489894562,6.842511286791425
39999.99999999997,42830.7980449632,2830.7980449632305,7.076995112408081
185000.00000000006,183968.66545078548,1031.3345492145745,0.5574781347105807
134857.99999999994,136051.62066260166,1193.6206626017229,0.8850944420069432
124071.00000000004,126430.0845154131,2359.084515413051,1.901398808273529
190596.00000000003,186283.64669191954,4312.353308080492,2.2625623350335218
95000.00000000006,89739.8537858942,5260.146214105858,5.536996014848269
54999.99999999995,56134.70702223031,1134.7070222303591,2.063103676782473
54999.99999999995,56272.31800851803,1272.3180085180793,2.3133054700328737
89999.99999999997,90336.41278988917,336.41278988920385,0.3737919887657822
130000.00000000006,130405.73564705861,405.73564705855097,0.3121043438911929
60000.00000000002,57262.8823738846,2737.117626115425,4.561862710192374
180366.99999999994,179204.76382637222,1162.2361736277235,0.6443729582616132
34999.99999999997,35107.94916105313,107.94916105316224,0.30842617443760667
185000.00000000006,180479.06978960912,4520.930210390943,2.4437460596707794
60000.00000000002,60082.199049113886,82.19904911386402,0.13699841518977332
159999.9999999999,157344.42065787312,2655.579342126788,1.6597370888292435
194999.99999999994,192403.94850658713,2596.051493412815,1.3313084581604184
120000.00000000006,121984.31895411604,1984.318954115981,1.6535991284299834
190000.00000000012,191432.00014590065,1432.0001459005289,0.7536842873160673
159999.9999999999,157351.36734918147,2648.632650818443,1.6553954067615277
159999.9999999999,161069.83798990762,1069.8379899077117,0.6686487436923202
119223.99999999991,146809.36397476282,27585.363974762906,23.13742532943277
79999.99999999994,79624.92107490198,375.07892509795784,0.46884865637244766
69999.99999999994,68528.31552988346,1471.684470116481,2.102406385880689
145999.99999999994,145609.16052417032,390.8394758296199,0.26769827111617817
50000.00000000001,47999.995723436936,2000.0042765630715,4.0000085531261425
109999.99999999991,110383.29714650745,383.29714650753886,0.3484519513704901
120000.00000000006,117492.65460184873,2507.3453981513303,2.089454498459441
194999.99999999994,196707.63834151457,1707.6383415146265,0.8757119700075011
74999.99999999996,74555.79954800663,444.20045199332526,0.592267269324434
190000.00000000012,189828.4946762836,171.50532371652662,0.09026595985080342
130000.00000000006,129692.17443768277,307.82556231728813,0.23678889409022152
30000.000000000007,25330.73753458978,4669.262465410226,15.564208218034082
109999.99999999991,106647.65679254656,3352.3432074533484,3.0475847340485007
144999.99999999994,145453.61082737864,453.61082737869583,0.312835053364618
130000.00000000006,128214.05071052411,1785.949289475946,1.373807145750727
54999.99999999995,54664.05232829206,335.9476717078869,0.610813948559795
185000.00000000006,184286.22658199715,713.7734180029074,0.38582346919076066
159999.9999999999,161003.83815302787,1003.8381530279585,0.6273988456424744
170000.0,165600.99850000584,4399.001499994163,2.5876479411730373
120000.00000000006,120681.81179716061,681.8117971605534,0.5681764976337943
135000.00000000012,136853.8571340856,1853.8571340854978,1.373227506729997
190000.00000000012,187527.5846497878,2472.415350212308,1.3012712369538457
136662.0000000001,135037.20059822992,1624.7994017701712,1.1889182082584553
25000.0,28580.126534247556,3580.1265342475563,14.320506136990224
60000.00000000002,62390.601617817265,2390.601617817243,3.984336029695404
100000.00000000001,99610.81479030696,389.18520969305246,0.38918520969305237
200000.00000000006,202059.80590650055,2059.8059065004927,1.029902953250246
185000.00000000006,184729.96215136454,270.03784863551846,0.14596640466784777
51999.99999999997,51752.78544303971,247.21455696025805,0.4754126095389581
139999.9999999999,140748.58085752666,748.5808575267438,0.5347006125191031
100000.00000000001,100164.77638838641,164.7763883863954,0.16477638838639538
91999.99999999999,91626.3357592013,373.6642407986801,0.40615678347682627
60000.00000000002,59321.37022817075,678.6297718292699,1.1310496197154494
171036.0,174013.84828867365,2977.8482886736456,1.7410652077186357
79999.99999999994,80288.62519785602,288.62519785607583,0.360781497320095
77000.0,77874.43304206002,874.4330420600163,1.1356273273506705
155000.0,150789.55264246245,4210.447357537545,2.7164176500242223
144999.99999999994,146491.09720076757,1491.0972007676319,1.028342897081126
120000.00000000006,122956.89473207471,2956.894732074652,2.464078943395542
200000.00000000006,201945.936044635,1945.936044634931,0.9729680223174652
65000.00000000002,59742.87507713312,5257.124922866904,8.087884496718312
54999.99999999995,52068.23874503875,2931.761254961202,5.330475009020373
39999.99999999997,44618.54727192208,4618.547271922107,11.546368179805276
170000.0,170648.4840558411,648.4840558411088,0.3814612093182993
170000.0,164413.96100293397,5586.038997066033,3.2859052923917837
159999.9999999999,161239.26009280144,1239.2600928015308,0.7745375580009572
194999.99999999994,192230.1656460265,2769.8343539734487,1.4204278738325382
39999.99999999997,40845.1063480858,845.1063480858284,2.1127658702145724
47999.99999999998,48689.01106201005,689.011062010075,1.4354397125209901
139999.9999999999,143070.68404603243,3070.6840460325184,2.1933457471660858
194999.99999999994,198166.97225273316,3166.9722527332196,1.6240883347349848
39999.99999999997,38189.09258472815,1810.907415271824,4.5272685381795625
37999.999999999985,38044.317749299014,44.31774929902895,0.11662565605007622
191789.99999999997,183522.6879622977,8267.312037702271,4.310606412066464
194999.99999999994,194515.05804747506,484.94195252488134,0.2486881807819905
85000.0,84785.81746805737,214.18253194262797,0.25197944934426825
115000.00000000009,141613.39823787092,26613.39823787083,23.142085424235486
74999.99999999996,65085.94355564082,9914.056444359136,13.21874192581219
139999.9999999999,140373.70317367933,373.70317367941607,0.2669308383424402
159999.9999999999,152720.89640042552,7279.103599574388,4.5494397497339945
100000.00000000001,98578.31829808684,1421.6817019131704,1.42168170191317
120000.00000000006,120900.29848929547,900.2984892954119,0.7502487410795096
89999.99999999997,90733.53152414171,733.5315241417411,0.8150350268241571
89999.99999999997,108168.391968281,18168.391968281023,20.18710218697892
109999.99999999991,115989.93194966095,5989.931949661041,5.445392681510041
130000.00000000006,128996.07779536443,1003.9222046356299,0.7722478497197149
25000.0,25033.159543903923,33.159543903922895,0.13263817561569158
171468.00000000012,174812.30358642054,3344.3035864204285,1.9503951678566418
198000.00000000012,194379.87322442007,3620.126775580051,1.82834685635356
120000.00000000006,120929.90532614298,929.9053261429217,0.7749211051191011
158965.99999999988,163154.42224800045,4188.42224800057,2.634791243410901
177346.99999999997,174487.73676584693,2859.2632341530407,1.612242233673556
65000.00000000002,64936.337758977534,63.66224102248816,0.09794190926536636
166958.00000000012,170404.90279475262,3446.902794752503,2.0645328733888166
149999.99999999994,151752.80853559263,1752.8085355926887,1.1685390237284594
122970.00000000007,124348.36460020626,1378.3646002061869,1.1208950152119916
100000.00000000001,101038.41569112845,1038.4156911284372,1.038415691128437
30000.000000000007,31618.11075943829,1618.110759438281,5.393702531460936
159999.9999999999,154481.26474125512,5518.735258744797,3.4492095367155002
60000.00000000002,59977.26150091987,22.738499080151087,0.037897498466918464
50000.00000000001,50222.04964432221,222.04964432220004,0.4440992886444
159999.9999999999,163669.2893644222,3669.289364422293,2.2933058527639343
109999.99999999991,90132.87679043428,19867.12320956563,18.06102109960513
95000.00000000006,93912.11470313542,1087.8852968646388,1.1451424177522507
139999.9999999999,141838.66270158644,1838.6627015865233,1.313330501133232
179999.99999999997,180120.96012986763,120.96012986765709,0.0672000721486984
159999.9999999999,142541.09660512334,17458.903394876572,10.911814621797863
159999.9999999999,161856.37655568254,1856.3765556826256,1.1602353473016418
170000.0,167742.396938886,2257.6030611140013,1.328001800655295
50000.00000000001,50447.56815963772,447.5681596377108,0.8951363192754214
155000.0,152593.6095496275,2406.390450372506,1.552509967982262
89999.99999999997,91002.46113800751,1002.4611380075366,1.1138457088972633
139999.9999999999,152759.18782860241,12759.187828602502,9.113705591858935
155000.0,152857.30382638506,2142.6961736149387,1.38238462813867
54999.99999999995,55083.19135630373,83.1913563037815,0.15125701146142104
115000.00000000009,96329.4775882733,18670.522411726794,16.235236879762414
50000.00000000001,47758.25598200928,2241.744017990728,4.4834880359814555
120000.00000000006,118852.98544591508,1147.0145540849771,0.9558454617374805
200000.00000000006,200653.34820070284,653.3482007027778,0.32667410035138883
158254.0000000001,163147.41508091165,4893.415080911567,3.0921272643418583
119223.99999999991,146689.3482540338,27465.34825403389,23.036761267893972
79999.99999999994,70212.52866359892,9787.471336401024,12.23433917050129
139999.9999999999,154044.89740468262,14044.897404682706,10.032069574773368
95000.00000000006,91116.73118219247,3883.2688178075914,4.0876513871658835
159999.9999999999,167900.36396014318,7900.363960143266,4.937727475089544
65000.00000000002,64974.35955818694,25.64044181308418,0.039446833558591035
54999.99999999995,55454.10364693178,454.1036469318278,0.8256429944215059
174335.9999999999,175450.75739110922,1114.757391109306,0.6394304051425446
120000.00000000006,116796.34610425575,3203.6538957443117,2.669711579786925
174938.00000000015,175800.21331791897,862.213317918824,0.49286794059542427
120000.00000000006,119071.75433071188,928.2456692881824,0.7735380577401516
54999.99999999995,55413.55847337432,413.55847337437444,0.7519244970443179
39999.99999999997,47887.87144842188,7887.871448421909,19.719678621054786
149999.99999999994,164971.76368714025,14971.763687140308,9.981175791426876
50000.00000000001,50427.55571934251,427.55571934250474,0.8551114386850094
179999.99999999997,187272.34024826894,7272.340248268971,4.040189026816096
32000.000000000007,31567.07682325384,432.9231767461679,1.3528849273317742
120000.00000000006,117969.98877522396,2030.011224776099,1.6916760206467485
109999.99999999991,111309.10201469113,1309.1020146912197,1.1900927406283826
54999.99999999995,54981.53525741668,18.464742583266343,0.03357225924230248
65000.00000000002,61755.55110501935,3244.448894980669,4.991459838431797
104378.00000000009,102542.80962192146,1835.1903780786233,1.7582156949535552
105000.00000000003,103595.23029235564,1404.7697076443874,1.3378759120422734
50000.00000000001,44523.10794816362,5476.892051836388,10.953784103672776
130000.00000000006,128013.30959025506,1986.6904097450024,1.5282233921115396
139999.9999999999,141901.11060695862,1901.1106069587113,1.3579361478276517
95000.00000000006,96627.58727374111,1627.5872737410537,1.713249761832687
95000.00000000006,96627.58727374111,1627.5872737410537,1.713249761832687
219000.00000000017,217151.8772084788,1848.1227915213676,0.8438916856261947
70396.99999999997,72017.00694402092,1620.0069440209481,2.301244291689914
185000.00000000006,171378.74836114238,13621.251638857677,7.362838723706851
115000.00000000009,113259.43386171597,1740.5661382841208,1.5135357724209735
124999.99999999991,103533.73978682148,21466.260213178437,17.17300817054276
57000.000000000044,56373.83808790983,626.1619120902105,1.098529670333702
159999.9999999999,160381.91935073145,381.9193507315358,0.23869959420721004
100000.00000000001,108688.09783413398,8688.097834133965,8.688097834133963
50000.00000000001,49355.130832686904,644.8691673131034,1.2897383346262066
194999.99999999994,197830.93408621664,2830.934086216701,1.451761069854719
34999.99999999997,33995.68473006419,1004.3152699357815,2.869472199816521
130000.00000000006,131170.5066143041,1170.5066143040312,0.9003897033107928
135000.00000000012,136940.7231363766,1940.7231363764731,1.437572693612201
50000.00000000001,49073.90272219382,926.0972778061841,1.852194555612368
185000.00000000006,186349.12456403498,1349.1245640349225,0.7292565210999579
60000.00000000002,64168.50036259742,4168.500362597399,6.947500604328995
34999.99999999997,34421.74740112153,578.25259887844,1.65215028250983
34999.99999999997,34592.129520263545,407.8704797364262,1.1653442278183614
190000.00000000012,194955.53332779004,4955.533327789919,2.6081754356789033
179999.99999999997,153559.40392733322,26440.596072666754,14.68922004037042
120000.00000000006,120203.2192205703,203.21922057024494,0.16934935047520405
170000.0,166051.35455283697,3948.6454471630277,2.3227326159782518
54999.99999999995,54664.390427623126,335.60957237682305,0.6101992225033153
130000.00000000006,128924.32909553584,1075.6709044642193,0.8274391572801684
139999.9999999999,136074.934675724,3925.0653242759,2.8036180887685016
95000.00000000006,95196.10668819191,196.1066881918523,0.20642809283352861
100000.00000000001,112611.1361060365,12611.136106036487,12.611136106036486
170000.0,164728.60576127123,5271.394238728768,3.100820140428687
100000.00000000001,104637.58473243163,4637.584732431613,4.637584732431612
60000.00000000002,61019.52210956948,1019.5221095694578,1.6992035159490957
50000.00000000001,49379.98175923269,620.0182407673201,1.24003648153464
159999.9999999999,164872.3116501436,4872.311650143674,3.045194781339798
115000.00000000009,116737.91877827058,1737.9187782704976,1.5112337202352142
215000.00000000006,213356.77491801968,1643.225081980374,0.7642907358048249
126915.99999999996,130318.04447041372,3402.0444704137626,2.6805481345250115
25000.0,24971.62794540554,28.37205459445977,0.11348821837783908
124999.99999999991,85122.52432569605,39877.47567430386,31.90198053944311
39999.99999999997,51918.44767123978,11918.44767123981,29.796119178099545
210000.0000000001,212259.2548153356,2259.254815335502,1.0758356263502384
65000.00000000002,56929.48891983586,8070.511080164164,12.416170892560247
185000.00000000006,169650.5050606706,15349.494939329452,8.297024291529432
210000.0000000001,210581.69887296463,581.6988729645382,0.2769994633164466
69999.99999999994,68713.97811859866,1286.021881401277,1.8371741162875401
113333.99999999996,117432.64917448812,4098.649174488164,3.6164338808196708
149999.99999999994,152039.8785601558,2039.878560155863,1.3599190401039092
60000.00000000002,60367.83847473217,367.838474732147,0.6130641245535781
120000.00000000006,119043.24356914248,956.756430857582,0.7972970257146513
115000.00000000009,115238.08453071922,238.0845307191339,0.2070300267122902
60000.00000000002,59240.17249120304,759.8275087969814,1.266379181328302
159999.9999999999,164833.65443380323,4833.654433803313,3.0210340211270723
137336.00000000003,141160.63641913905,3824.6364191390167,2.7848753561622703
185000.00000000006,183016.22326062288,1983.7767393771792,1.0723117510146911
47897.99999999999,38462.55547233733,9435.444527662665,19.69903655197016
74999.99999999996,80305.69867164815,5305.6986716481915,7.074264895530927
194778.00000000015,190175.9919906877,4602.008009312442,2.3626939435215673
190000.00000000012,193704.01302000618,3704.0130200060667,1.949480536845297
179999.99999999997,170018.20154293903,9981.79845706094,5.545443587256079
69999.99999999994,70154.73419101833,154.73419101838954,0.22104884431198524
60000.00000000002,61144.21028663639,1144.2102866363712,1.9070171443939514
151314.99999999988,158808.28720991345,7493.287209913571,4.952111297567047
60000.00000000002,55771.51313814105,4228.486861858975,7.04747810309829
50000.00000000001,50382.58900763562,382.5890076356154,0.7651780152712307
103578.99999999991,103715.21948529614,136.2194852962275,0.13151264763728904
65000.00000000002,67817.41292945309,2817.412929453065,4.3344814299277905
170000.0,168415.0144735936,1584.98552640641,0.9323444272978882
104378.00000000009,102474.80271194951,1903.1972880505782,1.8233701431820657
60000.00000000002,61755.55110501935,1755.5511050193309,2.9259185083655503
185000.00000000006,185490.22182019206,490.2218201920041,0.2649847676713535
39999.99999999997,48833.31971492674,8833.319714926773,22.083299287316947
101000.00000000009,100854.37951815042,145.6204818496626,0.14417869490065593
89999.99999999997,90450.3977052862,450.39770528623194,0.50044189476248
139999.9999999999,136924.282798084,3075.717201915919,2.196940858511372
44999.999999999985,36617.71593152234,8382.284068477646,18.62729792995033
198000.00000000012,194728.32684028294,3271.6731597171747,1.6523601816753397
159999.9999999999,161003.83815302787,1003.8381530279585,0.6273988456424744
170000.0,170525.71970302975,525.7197030297539,0.30924688413514934
124999.99999999991,124086.49683318377,913.5031668161391,0.7308025334529118
100000.00000000001,101144.2445429261,1144.2445429260843,1.1442445429260841
139999.9999999999,142348.0348543835,2348.034854383586,1.6771677531311342
188232.00000000015,181799.07539889668,6432.92460110347,3.417551001478742
54999.99999999995,54526.305073373165,473.69492662678385,0.8612635029577896
95000.00000000006,91116.73118219247,3883.2688178075914,4.0876513871658835
194999.99999999994,194054.1540872688,945.8459127311362,0.48504918601596747
85000.0,91263.96589528126,6263.965895281261,7.369371641507365
139999.9999999999,140681.7779866293,681.7779866294004,0.4869842761638577
156999.9999999999,157474.49222715126,474.49222715134965,0.3022243485040445
95000.00000000006,89401.04517265176,5598.954827348294,5.893636660366622
185000.00000000006,184174.54869368134,825.4513063187187,0.44618989530741543
79999.99999999994,80015.90205587959,15.902055879647378,0.019877569849559237
124999.99999999991,122230.2315061234,2769.768493876516,2.215814795101214
159999.9999999999,157351.36734918147,2648.632650818443,1.6553954067615277
34999.99999999997,34196.4192648666,803.5807351333715,2.29594495752392
37999.999999999985,37257.18663529871,742.8133647012728,1.9547720123717713
130000.00000000006,130621.61861186517,621.6186118651094,0.4781681629731609
74999.99999999996,84767.86999583986,9767.869995839908,13.023826661119886
159999.9999999999,159321.30028363207,678.6997163678461,0.4241873227299041
135000.00000000012,136148.82595171552,1148.8259517154074,0.8509821864558567
139999.9999999999,137348.91112478203,2651.088875217887,1.8936349108699204
50000.00000000001,49262.01680056124,737.9831994387641,1.475966398877528
39999.99999999997,41754.13650671094,1754.1365067109655,4.385341266777417
139999.9999999999,137778.12598309893,2221.8740169009834,1.5870528692149892
170000.0,167642.55933326934,2357.440666730661,1.3867298039592124
60000.00000000002,60144.426982777506,144.42698277748423,0.2407116379624736
105000.00000000003,102562.89948797443,2437.1005120256013,2.321048106691048
200000.00000000006,197693.8420804575,2306.157919542544,1.1530789597712716
155000.0,152396.89945311792,2603.1005468820804,1.6794197076658584
44999.999999999985,44576.42242328148,423.57757671850413,0.9412835038188985
74999.99999999996,75629.20833247223,629.2083324722771,0.8389444432963699
69999.99999999994,71224.99317468319,1224.9931746832444,1.7499902495474937
39999.99999999997,41646.00418313135,1646.0041831313792,4.115010457828451
65000.00000000002,64907.58519424459,92.41480575543392,0.14217662423912905
109999.99999999991,106775.7822306149,3224.21776938501,2.931107063077284
25000.0,25276.475878675217,276.47587867521725,1.105903514700869
159999.9999999999,161384.05341448946,1384.05341448955,0.8650333840559693
179999.99999999997,187340.50982637308,7340.509826373105,4.078061014651726
144999.99999999994,145393.5926182672,393.5926182672556,0.2714431850119005
50000.00000000001,41787.65611082901,8212.343889170996,16.42468777834199
106277.99999999997,104744.56059682362,1533.4394031763513,1.4428568501254746
50000.00000000001,49708.13548467419,291.8645153258185,0.5837290306516368
139999.9999999999,142046.00808313035,2046.0080831304367,1.46143434509317
39999.99999999997,40514.65771266801,514.6577126680422,1.2866442816701065
95000.00000000006,96627.58727374111,1627.5872737410537,1.713249761832687
50000.00000000001,48812.50585270224,1187.4941472977662,2.374988294595532
115920.00000000004,110572.05691357372,5347.943086426327,4.61347747276253
100000.00000000001,100015.4012223991,15.401222399086691,0.01540122239908669
89999.99999999997,90496.81302360192,496.8130236019497,0.5520144706688331
144999.99999999994,146491.09720076757,1491.0972007676319,1.028342897081126
109999.99999999991,111621.63657434893,1621.6365743490169,1.4742150675900165
135000.00000000012,127102.44711585231,7897.552884147808,5.850039173442815
64181.99999999997,69690.73982573333,5508.739825733355,8.58299807692711
196000.00000000006,194891.0721663024,1108.9278336976713,0.5657795069886076
65000.00000000002,66843.1910575731,1843.19105757308,2.8356785501124295
95000.00000000006,101814.66776110958,6814.667761109522,7.173334485378439
191510.00000000006,187141.685640027,4368.314359973068,2.280984992936696
54999.99999999995,54646.61966059537,353.3803394045826,0.6425097080083326
25999.999999999985,24937.19290327664,1062.807096723347,4.087719602782106
139999.9999999999,137467.4704069381,2532.5295930618013,1.808949709329859
194999.99999999994,193189.62737931107,1810.3726206888678,0.9283962157378811
95000.00000000006,81779.49125964714,13220.508740352918,13.916324989845169
155000.0,148693.49821300537,6306.501786994631,4.068710830319118
54999.99999999995,53977.11701566777,1022.8829843321801,1.8597872442403292
120000.00000000006,119138.98904706801,861.0109529320471,0.7175091274433723
185000.00000000006,183627.41199553487,1372.5880044651858,0.7419394618730731
30000.000000000007,31030.97803461024,1030.9780346102343,3.4365934487007803
50000.00000000001,50279.03273546081,279.03273546080163,0.5580654709216032
139999.9999999999,133031.500640049,6968.499359950918,4.977499542822087
185000.00000000006,184657.98392524704,342.01607475301716,0.18487355392054974
159999.9999999999,131131.05903318664,28868.940966813272,18.043088104258302
106217.99999999999,111036.54523848141,4818.545238481427,4.536467678247969
85000.0,84996.72290357023,3.2770964297669707,0.0038554075644317305
190000.00000000012,193873.81442135235,3873.814421352232,2.0388496954485418
105000.00000000003,105267.10656002647,267.106560026441,0.25438720002518184
135000.00000000012,130273.86052978625,4726.139470213864,3.5008440520102666
50000.00000000001,49185.52160910838,814.4783908916288,1.6289567817832573
170000.0,176668.96618304917,6668.966183049168,3.9229212841465695
130000.00000000006,135535.21957910398,5535.219579103927,4.2578612146953265
89999.99999999997,89962.91885255137,37.08114744859631,0.0412012749428848
179999.99999999997,189924.56392833905,9924.563928339077,5.513646626855044
159999.9999999999,162433.67462592522,2433.6746259253123,1.521046641203321
190000.00000000012,177572.99452084556,12427.005479154555,6.540529199555026
55935.000000000015,55772.41497521741,162.58502478260198,0.2906677836463787
95000.00000000006,91067.2190950237,3932.78090497636,4.139769373659323
69999.99999999994,71441.82407318988,1441.8240731899423,2.0597486759856336
159999.9999999999,161255.96525376054,1255.9652537606307,0.7849782836003947
130000.00000000006,131094.05935905498,1094.0593590549252,0.8415841223499421
100000.00000000001,96352.03654765263,3647.9634523473796,3.647963452347379
190000.00000000012,190912.22028869836,912.2202886982413,0.4801159414201267
149999.99999999994,151309.8074517331,1309.8074517331552,0.8732049678221037
74999.99999999996,76110.11416132677,1110.1141613268119,1.4801522151024167
60000.00000000002,59225.83287014197,774.167129858055,1.2902785497634244
34999.99999999997,30711.856182389736,4288.143817610235,12.251839478886396
124999.99999999991,126516.24488140606,1516.24488140615,1.2129959051249206
79999.99999999994,79114.11805123075,885.8819487691944,1.107352435961494
91999.99999999999,93080.28315192726,1080.2831519272731,1.1742208173122537
144999.99999999994,148584.18742211125,3584.1874221113103,2.4718533945595254
50000.00000000001,49417.945888667185,582.0541113328218,1.1641082226656434
135377.99999999997,140309.65549008778,4931.655490087811,3.6428780821756948
69999.99999999994,71047.76961917455,1047.7696191746072,1.4968137416780114
149999.99999999994,151188.2880040954,1188.2880040954624,0.7921920027303085
130000.00000000006,134595.97335353078,4595.973353530717,3.53536411810055
54999.99999999995,54583.229058090175,416.7709419097737,0.757765348926862
185000.00000000006,184463.91075790086,536.0892420992022,0.2897779687022714
120000.00000000006,118583.4156351338,1416.5843648662558,1.1804869707218792
100000.00000000001,89910.0182793835,10089.981720616517,10.089981720616516
149999.99999999994,140880.39671702264,9119.603282977303,6.079735521984872
149999.99999999994,149819.74862599053,180.25137400941458,0.1201675826729431
89999.99999999997,106453.4433861684,16453.443386168423,18.281603762409365
249999.99999999983,179276.7784821718,70723.22151782803,28.28928860713123
194999.99999999994,190945.93498707397,4054.065012925974,2.0790076989363975
74999.99999999996,93033.9233921673,18033.923392167344,24.045231189556475
215000.00000000006,213578.3486024674,1421.651397532667,0.6612332081547286
150248.00000000003,152778.2529090666,2530.252909066563,1.6840509750988781
180366.99999999994,179287.28251689707,1079.7174831028678,0.5986225213608188
170000.0,166205.82855066424,3794.1714493357576,2.2318655584327987
179999.99999999997,161942.26482004585,18057.73517995412,10.032075099974513
159999.9999999999,157351.36734918147,2648.632650818443,1.6553954067615277
89999.99999999997,86859.4936838748,3140.5063161251746,3.4894514623613064
44999.999999999985,51154.21561085802,6154.215610858031,13.67603469079563
85000.0,91241.40863696855,6241.408636968554,7.34283369055124
119000.0000000001,118178.58620301507,821.4137969850271,0.6902636949454003
155000.0,150568.65802625005,4431.34197374995,2.8589303056451287
139999.9999999999,139557.41847016723,442.5815298326779,0.3161296641661987
181999.9999999999,180752.43093670404,1247.5690632958722,0.6854775073054247
179999.99999999997,180959.71987987772,959.7198798777536,0.5331777110431966
174820.99999999988,173823.45096417624,997.549035823642,0.5706116746979154
65000.00000000002,65105.64065224789,105.64065224786464,0.16252408038133015
39999.99999999997,47504.096520168394,7504.096520168423,18.76024130042107
139999.9999999999,141619.74131198146,1619.7413119815465,1.1569580799868195
159999.9999999999,154061.53110350587,5938.468896494043,3.711543060308779
179999.99999999997,152635.0143549213,27364.985645078676,15.20276980282149
89999.99999999997,90184.66240996128,184.6624099613109,0.20518045551256775
166374.99999999997,160344.11256953192,6030.88743046805,3.6248759912655455
32000.000000000007,30984.90760991869,1015.0923900813177,3.1721637190041174
194999.99999999994,192504.90606046232,2495.093939537619,1.279535353609036
139999.9999999999,132071.79882543473,7928.2011745651835,5.663000838975134
185000.00000000006,181300.32264634542,3699.677353654639,1.9998255965700744
155000.0,152997.54335873335,2002.4566412666463,1.2919075104946105
179999.99999999997,190759.78979687224,10759.789796872268,5.977660998262372
25999.999999999985,25499.058456601404,500.9415433985814,1.926698243840699
124999.99999999991,122676.24053954883,2323.7594604510814,1.8590075683608664
79999.99999999994,99815.1991996041,19815.19919960416,24.76899899950522
50000.00000000001,50345.85706971166,345.857069711652,0.691714139423304
89999.99999999997,91653.34244226995,1653.3424422699754,1.8370471580777512
190000.00000000012,187167.69551778305,2832.304482217063,1.490686569587927
89999.99999999997,88484.87326975034,1515.1267302496271,1.6834741447218087
190000.00000000012,191152.32320353427,1152.3232035341498,0.6064858965969205
139999.9999999999,124016.16744977268,15983.832550227235,11.417023250162316
89999.99999999997,89739.8537858942,260.1462141057709,0.2890513490064123
139999.9999999999,141032.40600864924,1032.4060086493264,0.7374328633209479
39999.99999999997,37395.046668761825,2604.9533312381463,6.512383328095371
124071.00000000004,124694.08988250303,623.0898825029872,0.5022042882728333
130000.00000000006,122986.20976732904,7013.790232671017,5.39522325590078
215000.00000000006,212858.73375349963,2141.266246500425,0.9959377890699648
69999.99999999994,71407.17130479937,1407.1713047994272,2.0102447211420404
130000.00000000006,124287.58986132272,5712.41013867734,4.394161645136414
124999.99999999991,125216.19989038439,216.19989038447966,0.17295991230758384
190000.00000000012,187570.27341184873,2429.7265881513886,1.2788034674480986
139999.9999999999,137785.0630187165,2214.9369812834193,1.582097843773872
120000.00000000006,122174.90115236994,2174.9011523698864,1.8124176269749044
130000.00000000006,130396.43311642564,396.43311642558547,0.30494855109660407
159999.9999999999,161820.11281765872,1820.11281765881,1.1375705110367569
85000.0,87899.57786957629,2899.5778695762856,3.4112680818544536
50000.00000000001,48730.869811306846,1269.1301886931615,2.538260377386323
190000.00000000012,191798.06134058625,1798.0613405861368,0.9463480739927029
194999.99999999994,191830.6993181374,3169.3006818625436,1.6252824009551512
32000.000000000007,31030.183073715365,969.8169262846422,3.0306778946395063
109999.99999999991,122222.5790287672,12222.579028767286,11.111435480697542
120000.00000000006,126782.76084354002,6782.76084353996,5.6523007029499635
194999.99999999994,196707.63834151457,1707.6383415146265,0.8757119700075011
130000.00000000006,117347.63350878772,12652.366491212335,9.732589608624869
51999.99999999997,52985.250836457424,985.2508364574533,1.8947131470335652
54999.99999999995,54435.488094391905,564.5119056080439,1.026385282923717
185000.00000000006,182427.08154222384,2572.9184577762207,1.3907667339330918
179999.99999999997,179955.2010374525,44.79896254747291,0.024888312526373843
210000.0000000001,210581.69887296463,581.6988729645382,0.2769994633164466
100000.00000000001,97117.65695185427,2882.343048145747,2.8823430481457466
105000.00000000003,104874.56669351122,125.4333064888051,0.11946029189410007
149999.99999999994,147471.2672398958,2528.732760104147,1.685821840069432
60000.00000000002,61323.07844845041,1323.0784484503893,2.2051307474173147
170000.0,169226.85180043607,773.1481995639333,0.45479305856701957
179999.99999999997,173396.71946386364,6603.280536136328,3.668489186742405
54999.99999999995,56870.23499662572,1870.234996625768,3.4004272665923083
25999.999999999985,25946.051645972668,53.94835402731769,0.2074936693358374
113563.00000000009,114370.48147804753,807.4814780474408,0.7110427498810705
51999.99999999997,51848.279718233876,151.72028176609456,0.29176977262710513
109999.99999999991,111063.60967495083,1063.609674950916,0.9669178863190153
54999.99999999995,60408.97532721853,5408.975327218584,9.83450059494289
57000.000000000044,57836.18887792457,836.1888779245273,1.466998031446538
25000.0,26745.52737507797,1745.5273750779706,6.982109500311882
182505.99999999988,180342.24077505246,2163.7592249474255,1.185582515066588
100000.00000000001,98449.52014730441,1550.4798526956001,1.5504798526956
210000.0000000001,211230.43366866533,1230.4336686652387,0.5859207946024944
120000.00000000006,118369.83841123014,1630.1615887699154,1.3584679906415955
39999.99999999997,40948.505130260215,948.5051302602442,2.371262825650612
79999.99999999994,72842.69863614881,7157.301363851133,8.946626704813923
100000.00000000001,107574.1514598144,7574.151459814384,7.574151459814383
89999.99999999997,91290.80827200937,1290.8082720093953,1.434231413343773
156486.0,157405.98640669644,919.9864066964365,0.5879033310944343
79999.99999999994,79497.3391759145,502.66082408544025,0.6283260301068008
34999.99999999997,40253.92525043237,5253.925250432396,15.011215001235428
138286.00000000003,141985.33937241865,3699.339372418617,2.6751365810122616
30000.000000000007,28303.261462445833,1696.7385375541744,5.65579512518058
159999.9999999999,160381.91935073145,381.9193507315358,0.23869959420721004
89999.99999999997,90336.41278988917,336.41278988920385,0.3737919887657822
125090.99999999994,124429.93202886543,661.0679711345147,0.5284696510016827
50000.00000000001,50463.98095059558,463.9809505955709,0.9279619011911417
219999.99999999985,220615.677478299,615.6774782991561,0.2798533992268893
114776.00000000004,115173.73035927727,397.7303592772223,0.34652746155748776
190000.00000000012,189600.2761327413,399.7238672588137,0.21038098276779654
159999.9999999999,159286.2495953737,713.7504046262184,0.4460940028913867
200000.00000000006,200361.97679066446,361.9767906643974,0.18098839533219865
120000.00000000006,110132.83775159525,9867.162248404813,8.222635207004007
69999.99999999994,70675.95975995813,675.9597599581903,0.9656567999402726
60000.00000000002,59746.9697666759,253.03023332411976,0.42171705554019945
200000.00000000006,199385.41761880022,614.5823811998416,0.3072911905999207
194999.99999999994,194851.9025421873,148.09745781263337,0.07594741426288892
219999.99999999985,222806.897862363,2806.897862363141,1.2758626647105193
159999.9999999999,164485.34418639974,4485.3441863998305,2.8033401164998955
190000.00000000012,185098.40654984032,4901.593450159795,2.5797860263998906
179999.99999999997,176577.59936245697,3422.4006375430035,1.901333687523891
120000.00000000006,120772.01705046024,772.0170504601847,0.6433475420501535
120000.00000000006,122174.90115236994,2174.9011523698864,1.8124176269749044
60000.00000000002,57499.15430670954,2500.845693290481,4.168076155484133
120000.00000000006,120967.52081069784,967.5208106977807,0.8062673422481502
165000.00000000006,166123.26719257602,1123.2671925759641,0.6807679955005841
32000.000000000007,31060.72971479221,939.2702852077964,2.935219641274363
159999.9999999999,155688.48354513722,4311.516454862693,2.6946977842891844
190000.00000000012,187527.5846497878,2472.415350212308,1.3012712369538457
39999.99999999997,41135.427309451494,1135.427309451523,2.8385682736288094
130000.00000000006,130951.68861174044,951.6886117403774,0.7320681628772131
25999.999999999985,27663.03489602538,1663.0348960253941,6.396288061636135
120000.00000000006,171780.7569000832,51780.75690008313,43.150630750069254
159999.9999999999,156539.78325858593,3460.216741413984,2.162635463383741
100000.00000000001,99792.45949347051,207.54050652950536,0.20754050652950534
69999.99999999994,70329.17255448677,329.1725544868241,0.4702465064097491
149999.99999999994,148655.99278371112,1344.0072162888246,0.8960048108592167
190000.00000000012,188788.25747248056,1211.7425275195565,0.6377592250102925
120000.00000000006,122735.57681756587,2735.576817565816,2.2796473479715123
159999.9999999999,161581.85624633136,1581.8562463314447,0.9886601539571536
54999.99999999995,54354.125316874146,645.8746831258031,1.1743176056832794
185000.00000000006,184850.96492231105,149.0350776890118,0.08055950145351988
185000.00000000006,183229.75772865483,1770.2422713452252,0.956887714240662
95000.00000000006,93137.01659990034,1862.9834000997216,1.9610351579997058
109999.99999999991,102081.44771635406,7918.552283645855,7.19868389422351
50000.00000000001,40563.29849236756,9436.701507632446,18.873403015264888
194999.99999999994,193695.36454382958,1304.6354561703629,0.6690438236771094
159999.9999999999,155947.70221650938,4052.2977834905323,2.5326861146815838
210000.0000000001,206781.82132868897,3218.1786713111214,1.5324660339576763
120000.00000000006,118601.6122788616,1398.3877211384533,1.1653231009487106
65000.00000000002,66551.47910751958,1551.4791075195608,2.386890934645477
161999.99999999988,164631.11492627359,2631.1149262737017,1.6241450162183355
130000.00000000006,128492.87851955774,1507.1214804423216,1.1593242157248622
77605.99999999994,80214.07191107936,2608.071911079416,3.3606575665276113
190000.00000000012,189600.2761327413,399.7238672588137,0.21038098276779654
79999.99999999994,80184.77466658292,184.77466658297635,0.2309683332287206
194999.99999999994,192243.64153737325,2756.3584626266966,1.4135171603213834
70396.99999999997,72208.18007888731,1811.180078887337,2.572808612422884
144999.99999999994,144529.79715048193,470.20284951801295,0.32427782725380216
190000.00000000012,162821.55962319032,27178.4403768098,14.304442303584095
120000.00000000006,120425.72082527912,425.7208252790588,0.3547673543992155
149999.99999999994,159624.42800978423,9624.428009784286,6.416285339856192
95000.00000000006,93649.30589469806,1350.6941053019982,1.4217832687389445
65000.00000000002,67444.07428823224,2444.0742882322156,3.7601142895880226
72000.00000000004,72345.29324815754,345.29324815749715,0.4795739557743013
74999.99999999996,74659.59494839876,340.4050516011921,0.45387340213492305
69999.99999999994,69654.51340959506,345.48659040487837,0.4935522720069695
85000.0,84843.2250599994,156.7749400005996,0.18444110588305834
69999.99999999994,69879.81566285172,120.18433714822459,0.17169191021174957
149999.99999999994,158901.52091385328,8901.52091385334,5.934347275902228
179999.99999999997,162381.48723525117,17618.512764748797,9.788062647082667
74999.99999999996,79851.88541273403,4851.885412734075,6.469180550312103
135000.00000000012,131250.99057800096,3749.009421999159,2.7770440162956707
135000.00000000012,136853.8571340856,1853.8571340854978,1.373227506729997
91999.99999999999,91504.21017171064,495.78982828934386,0.538901987271026
139999.9999999999,137564.29708294783,2435.7029170520836,1.7397877978943468
54999.99999999995,55005.40326481854,5.403264818589378,0.009824117851980695
170000.0,163030.7439165438,6969.256083456188,4.099562402033052
115000.00000000009,114631.9513911769,368.0486088231846,0.32004226854189943
179999.99999999997,166033.87343041188,13966.126569588087,7.758959205326716
149999.99999999994,145794.4100062713,4205.589993728645,2.803726662485764
54999.99999999995,54375.835007085625,624.1649929143241,1.1348454416624085
185000.00000000006,183074.16273730833,1925.8372626917262,1.0409931149685003
170000.0,163380.6453545478,6619.3546454522,3.893738026736589
69999.99999999994,70553.21489881082,553.214898810882,0.7903069983012607
85000.0,95550.6233752683,10550.623375268304,12.412498088550945
225000.00000000015,222307.53743891994,2692.462561080203,1.1966500271467562
155000.0,150334.34798124802,4665.652018751978,3.0100980766141796
25000.0,25306.966071773088,306.9660717730876,1.2278642870923504
159999.9999999999,169251.13594821937,9251.135948219453,5.781959967637161
159999.9999999999,141995.95834327265,18004.041656727262,11.252526035454546
190542.99999999988,189220.98597748388,1322.0140225159994,0.6938140065580999
200000.00000000006,201945.936044635,1945.936044634931,0.9729680223174652
194999.99999999994,198166.97225273316,3166.9722527332196,1.6240883347349848
95000.00000000006,96955.73894654351,1955.7389465434535,2.058672575308897
95000.00000000006,90745.87267575167,4254.127324248388,4.478028762366721
25000.0,24946.384789688836,53.61521031116354,0.21446084124465414
32000.000000000007,32018.492439510166,18.492439510158874,0.057788873469246466
65000.00000000002,65658.64486331645,658.6448633164327,1.0132997897175886
186962.99999999997,185750.49514159723,1212.504858402739,0.6485266381063307
135000.00000000012,136755.5736779736,1755.5736779734725,1.3004249466470155
149999.99999999994,142371.34282353753,7628.65717646241,5.085771450974941
89999.99999999997,89860.64215881121,139.35784118875745,0.1548420457652861
79999.99999999994,78423.56869037687,1576.4313096230762,1.9705391370288465
115000.00000000009,118170.79408687633,3170.794086876238,2.757212249457596
74999.99999999996,60382.936233864326,14617.06376613563,19.48941835484752
185000.00000000006,183753.55149957025,1246.448500429804,0.6737559461782722
109999.99999999991,97108.2005727427,12891.79942725721,11.719817661142928
170000.0,171377.6134349,1377.6134349000058,0.8103608440588269
65000.00000000002,64931.25976945098,68.74023054903955,0.1057542008446762
139999.9999999999,154044.89740468262,14044.897404682706,10.032069574773368
124999.99999999991,124986.99190700817,13.008092991745798,0.010406474393396646
101733.00000000001,102164.8824716295,431.8824716294912,0.42452544565626804
139999.9999999999,158292.6666000914,18292.6666000915,13.066190428636792
109999.99999999991,110172.07962669266,172.07962669275003,0.1564360242661365
135000.00000000012,137069.5949683831,2069.5949683829967,1.5330333099133295
194999.99999999994,196904.12212325857,1904.122123258625,0.9764728837223722
25999.999999999985,26154.42551210694,154.42551210695456,0.5939442773344409
185000.00000000006,171378.74836114238,13621.251638857677,7.362838723706851
60000.00000000002,60035.756855521344,35.756855521321995,0.05959475920220331
240000.00000000015,236233.2979893565,3766.7020106436394,1.5694591711015153
100000.00000000001,98364.84602458662,1635.1539754133992,1.635153975413399
240000.00000000015,235134.45296682566,4865.547033174487,2.027311263822702
69999.99999999994,68769.95439693773,1230.0456030622154,1.7572080043745948
179986.99999999997,182356.1247001705,2369.124700170534,1.3162754533219256
79999.99999999994,79472.4949912742,527.5050087257405,0.6593812609071761
25999.999999999985,26099.3660785713,99.36607857131457,0.38217722527428705
77605.99999999994,83092.12651386666,5486.126513866722,7.069204074255504
95000.00000000006,95513.62087866366,513.620878663598,0.5406535564879976
190004.00000000012,184727.57399935543,5276.426000644686,2.7770078528055633
109999.99999999991,110544.07487352307,544.0748735231609,0.49461352138469217
130000.00000000006,130285.92259562343,285.9225956233713,0.21994045817182398
54999.99999999995,54219.7013461022,780.2986538977493,1.4187248252686364
109999.99999999991,110154.23956861469,154.23956861477927,0.14021778964979945
100000.00000000001,111656.95557667501,11656.955576674998,11.656955576674996
60000.00000000002,60324.86788013992,324.8678801399001,0.5414464668998332
194999.99999999994,194515.05804747506,484.94195252488134,0.2486881807819905
50000.00000000001,50877.425142629996,877.4251426299888,1.7548502852599772
159999.9999999999,161242.39719674826,1242.3971967483521,0.7764982479677205
74999.99999999996,75319.95877237158,319.95877237162495,0.4266116964955002
85000.0,82530.98175323365,2469.0182467663544,2.9047273491368877
30000.000000000007,30241.27644057521,241.2764405752023,0.8042548019173408
144999.99999999994,147113.7870819404,2113.787081940449,1.4577841944416894
219000.00000000017,217151.8772084788,1848.1227915213676,0.8438916856261947
109999.99999999991,109406.93318487797,593.0668151219434,0.5391516501108581
79999.99999999994,80391.46714734929,391.46714734935085,0.4893339341866889
159999.9999999999,161392.8326282943,1392.832628294389,0.8705203926839936
198000.00000000012,194728.32684028294,3271.6731597171747,1.6523601816753397
134641.00000000003,145183.12146924555,10542.121469245525,7.829800335147185
109999.99999999991,110184.70959055581,184.70959055589628,0.16791780959626948
170000.0,183014.46519635853,13014.465196358535,7.6555677625638445
190000.00000000012,189147.50950327082,852.4904967292969,0.4486792088048928
79999.99999999994,82718.97249021343,2718.9724902134913,3.3987156127668663
120000.00000000006,116903.96013857961,3096.039861420446,2.5800332178503704
155000.0,154739.4981942974,260.5018057026027,0.16806568109845335
120000.00000000006,131421.22225762656,11421.222257626505,9.517685214688749
109999.99999999991,105612.12832763046,4387.871672369452,3.988974247608596
179999.99999999997,190375.23211821957,10375.232118219603,5.764017843455336
54999.99999999995,59715.72639102359,4715.726391023643,8.57404798367936
159999.9999999999,160628.14792008523,628.147920085321,0.39259245005332577
89999.99999999997,77403.89321353784,12596.10678646213,13.995674207180148
139999.9999999999,142181.0135137057,2181.0135137057805,1.5578667955041299
109999.99999999991,109855.9459233207,144.054076679211,0.13095825152655555
54999.99999999995,55301.27756724466,301.27756724470964,0.5477773949903817
159999.9999999999,157016.43393326752,2983.5660667323973,1.8647287917077493
60000.00000000002,58723.09466783125,1276.9053321687752,2.1281755536146245
179999.99999999997,187460.23349028776,7460.233490287792,4.144574161270996
149999.99999999994,150795.15155955646,795.1515595565143,0.5301010397043431
194999.99999999994,195271.56533246205,271.5653324621089,0.1392642730574918
149999.99999999994,148703.06543965443,1296.934560345515,0.8646230402303436
74999.99999999996,75238.65450693508,238.65450693512685,0.31820600924683595
100000.00000000001,100409.3737683319,409.37376833189046,0.40937376833189043
54999.99999999995,54344.42455330293,655.5754466970175,1.191955357630942
79999.99999999994,80357.83706721601,357.8370672160672,0.4472963340200844
159999.9999999999,162035.52990051275,2035.5299005128327,1.272206187820521
100867.0,104619.88450873549,3752.8845087354857,3.720626675459254
179999.99999999997,176137.46342056402,3862.536579435953,2.1458536552421967
50000.00000000001,49690.322600632,309.6773993680108,0.6193547987360215
89999.99999999997,88484.87326975034,1515.1267302496271,1.6834741447218087
51999.99999999997,51289.408307070706,710.5916929292653,1.366522486402434
100000.00000000001,106888.58869813751,6888.588698137493,6.888588698137492
181999.9999999999,180528.70278897163,1471.2972110282863,0.8084050610045532
95000.00000000006,91913.9101097552,3086.0898902448534,3.248515673941949
109999.99999999991,110595.15573662991,595.1557366299967,0.5410506696636338
149999.99999999994,147063.54590512754,2936.4540948724025,1.9576360632482692
119917.99999999999,120093.95259416704,175.95259416705812,0.14672742554667204
50000.00000000001,49991.25177662906,8.748223370945198,0.01749644674189039
95000.00000000006,94489.64712836889,510.3528716311703,0.537213549085442
179999.99999999997,184245.55413484134,4245.554134841368,2.358641186022983
121449.99999999996,133919.58120238868,12469.581202388727,10.267255004025303
200000.00000000006,203713.36520216794,3713.3652021678863,1.8566826010839426
95000.00000000006,100645.73063708811,5645.730637088054,5.942874354829527
190000.00000000012,185474.24763997673,4525.7523600233835,2.381974926328095
74999.99999999996,74555.79954800663,444.20045199332526,0.592267269324434
130000.00000000006,129697.85961662928,302.14038337077363,0.2324156795159796
179999.99999999997,177292.21678013608,2707.7832198638935,1.5043240110354965
69999.99999999994,71253.78929152871,1253.7892915287666,1.791127559326811
39999.99999999997,40408.04632270795,408.04632270798174,1.0201158067699552
50000.00000000001,67420.37695670013,17420.37695670012,34.84075391340024
100000.00000000001,98208.3544145867,1791.6455854133092,1.7916455854133089
54999.99999999995,52068.23874503875,2931.761254961202,5.330475009020373
151999.99999999997,149459.31827612012,2540.681723879854,1.6715011341314832
109999.99999999991,110210.96540478777,210.96540478785755,0.1917867316253252
36000.00000000002,36070.438538025315,70.43853802529338,0.19566260562581483
109999.99999999991,110133.59186854471,133.59186854479776,0.12144715322254351
185000.00000000006,180664.361514859,4335.638485141069,2.3435883703465232
120000.00000000006,121866.150545535,1866.1505455349397,1.5551254546124489
130000.00000000006,126534.63414852931,3465.3658514707495,2.665666039592883
37999.999999999985,38794.78367662329,794.7836766233013,2.0915359911139517
54999.99999999995,54350.17718129442,649.8228187055283,1.1814960340100527
60000.00000000002,60547.72098331469,547.7209833146699,0.9128683055244495
151669.99999999988,151117.8827411385,552.1172588613699,0.3640253569337182
139999.9999999999,137631.9523106676,2368.0476893323066,1.691462635237363
85000.0,83630.14250814792,1369.8574918520753,1.6115970492377358
105000.00000000003,107806.74586879063,2806.7458687906037,2.6730913036100983
54999.99999999995,53847.35525314748,1152.6447468524711,2.095717721549949
139999.9999999999,135720.81745470452,4279.182545295393,3.0565589609252823
30000.000000000007,38304.278631193534,8304.278631193527,27.680928770645085
130000.00000000006,130405.73564705861,405.73564705855097,0.3121043438911929
170000.0,173365.0509118541,3365.0509118541086,1.9794417128553579
200000.00000000006,200653.34820070284,653.3482007027778,0.32667410035138883
194999.99999999994,169671.3264372131,25328.673562786833,12.989063365531713
130000.00000000006,128602.63285617382,1397.367143826239,1.0748978029432603
210000.0000000001,168566.4565689177,41433.54343108239,19.73025877670589
25000.0,25064.934062464643,64.93406246464292,0.2597362498585717
65000.00000000002,65025.281905700176,25.28190570015431,0.03889523953869893
30000.000000000007,28721.020162628018,1278.9798373719896,4.263266124573298
25999.999999999985,27073.421513630477,1073.421513630492,4.128544283194202
130000.00000000006,122222.5790287672,7777.420971232859,5.982631516332966
105000.00000000003,116878.48212211877,11878.482122118745,11.312840116303564
60000.00000000002,60415.074673920644,415.07467392062244,0.6917911232010372
130000.00000000006,122798.38876225107,7201.611237748992,5.539700952114607
120000.00000000006,119744.22389207118,255.77610792887572,0.21314675660739635
99000.00000000004,99851.97492544884,851.9749254487979,0.8605807327765631
69999.99999999994,61491.32301243505,8508.67698756489,12.155252839378424
135000.00000000012,130285.92259562343,4714.077404376687,3.4919091884271722
185000.00000000006,186248.46426398886,1248.4642639888043,0.6748455481020561
194999.99999999994,197214.68421845403,2214.6842184540874,1.1357354966431221
54999.99999999995,54646.61966059537,353.3803394045826,0.6425097080083326
179999.99999999997,192504.1293632767,12504.129363276734,6.946738535153742
123781.00000000006,123571.82912218322,209.1708778168395,0.1689846404673087
100000.00000000001,100315.48915065202,315.4891506520071,0.315489150652007
79999.99999999994,81925.20871450052,1925.208714500579,2.4065108931257253
130000.00000000006,129518.39195843333,481.60804156672384,0.37046772428209507
30000.000000000007,27152.332741729413,2847.667258270594,9.492224194235312
139999.9999999999,142184.11478549722,2184.1147854973096,1.5600819896409364
120000.00000000006,117426.19141245348,2573.8085875465767,2.1448404896221462
170000.0,167433.28514509913,2566.7148549008707,1.5098322675887474
124999.99999999991,128380.14616579292,3380.146165793005,2.704116932634406
100000.00000000001,100187.95789805055,187.9578980505321,0.18795789805053206
115000.00000000009,116451.68872534187,1451.6887253417808,1.2623380220363303
170000.0,164872.3116501436,5127.688349856413,3.016287264621419
50000.00000000001,48411.10053573996,1588.8994642600446,3.177798928520089
190000.00000000012,190867.88976081676,867.8897608166444,0.4567840846403388
105000.00000000003,104937.47064869205,62.529351307981415,0.05955176315045848
60000.00000000002,59225.83287014197,774.167129858055,1.2902785497634244
144999.99999999994,146411.8575318454,1411.8575318454532,0.9736948495485888
139999.9999999999,138512.26026404297,1487.739735956944,1.0626712399692464
185000.00000000006,181264.01777636833,3735.982223631727,2.0194498506117435
210000.0000000001,211487.00428227385,1487.0042822737596,0.7080972772732186
139999.9999999999,137217.4345140575,2782.5654859424103,1.9875467756731515
54999.99999999995,54347.85641733694,652.1435826630113,1.1857156048418398
120000.00000000006,122992.48902446605,2992.489024465991,2.4937408537216577
138859.00000000012,137035.8558796245,1823.1441203756258,1.312946312716946
135000.00000000012,134997.77307562254,2.226924377580872,0.0016495736130228667
149999.99999999994,146808.7881125685,3191.2118874314474,2.127474591620966
179999.99999999997,178572.8247523524,1427.1752476475667,0.7928751375819816
210000.0000000001,211508.83432568487,1508.8343256847875,0.7184925360403747
79999.99999999994,79354.03972349674,645.9602765032032,0.8074503456290046
69999.99999999994,74555.79954800663,4555.799548006689,6.5082850685809905
120000.00000000006,118812.6346776399,1187.3653223601577,0.9894711019667977
89999.99999999997,92845.82543913428,2845.825439134307,3.162028265704787
89999.99999999997,90600.03269076948,600.0326907695126,0.6667029897439031
34999.99999999997,35667.65537963016,667.6553796301887,1.9075867989433979
139999.9999999999,141372.7542430291,1372.7542430291942,0.9805387450208536
120000.00000000006,118446.62499447758,1553.375005522481,1.2944791712687336
194999.99999999994,198072.78944790544,3072.7894479054958,1.5757894604643572
39999.99999999997,42516.49733159392,2516.4973315939496,6.291243328984879
124999.99999999991,121924.94441533368,3075.055584666232,2.4600444677329873
121454.0000000001,121847.1400436846,393.1400436844997,0.32369460345851053
198000.00000000012,195263.2345337999,2736.765466200217,1.3822047809091997
194999.99999999994,194546.30742741315,453.69257258679136,0.23266285773681614
71000.00000000004,84220.52257247617,13220.522572476126,18.62045432743115
124999.99999999991,152441.25912955758,27441.25912955767,21.953007303646153
60000.00000000002,59202.996523488284,797.003476511738,1.3283391275195628
39999.99999999997,37291.1540556478,2708.8459443521715,6.772114860880434
65000.00000000002,67676.91495779583,2676.9149577958087,4.118330704301243
144999.99999999994,145348.78462269384,348.7846226939,0.24054111909924147
69999.99999999994,70303.50979238091,303.50979238096625,0.433585417687095
69999.99999999994,69797.33568310433,202.66431689560704,0.2895204527080103
120000.00000000006,126914.59832333431,6914.598323334256,5.762165269445211
170000.0,169251.13594821937,748.8640517806343,0.44050826575331425
30000.000000000007,30265.903235094618,265.90323509461086,0.8863441169820361
130000.00000000006,128323.2814140668,1676.718585933253,1.2897835276409633
200000.00000000006,200852.48028053963,852.4802805395739,0.4262401402697868
170000.0,165123.23365726817,4876.766342731833,2.8686860839599015
136986.0000000001,138480.06868064962,1494.068680649536,1.0906725363537406
210000.0000000001,210401.2345453027,401.2345453026064,0.19106406919171726
50000.00000000001,50530.65061125038,530.6506112503703,1.0613012225007403
171651.99999999985,165921.62638779831,5730.37361220154,3.338366935544908
79999.99999999994,79304.89029021068,695.1097097892634,0.8688871372365798
170000.0,170455.1623879713,455.16238797130063,0.2677425811595886
139999.9999999999,144311.19718256147,4311.197182561562,3.0794265589725462
155000.0,150091.28440267983,4908.715597320173,3.1669132885936606
74999.99999999996,80991.42685410654,5991.426854106583,7.988569138808782
102828.00000000006,106176.44502535737,3348.445025357316,3.2563552975428034
89999.99999999997,87645.06968502843,2354.9303149715415,2.616589238857269
179999.99999999997,185938.51520988392,5938.515209883946,3.299175116602193
159999.9999999999,163472.28355972277,3472.283559722855,2.1701772248267854
85000.0,85030.52222722828,30.522227228284464,0.035908502621511136
69999.99999999994,68658.10304917788,1341.8969508220616,1.9169956440315181
120000.00000000006,122134.1067482026,2134.106748202539,1.7784222901687816
156999.9999999999,156162.82735827367,837.1726417262398,0.5332309819912359
120000.00000000006,123180.88804209162,3180.8880420915666,2.650740035076304
124999.99999999991,126325.16627509918,1325.1662750992691,1.060133020079416
79999.99999999994,80166.9972132166,166.99721321665857,0.20874651652082335
165000.00000000006,154601.16070522738,10398.839294772682,6.302326845316775
198000.00000000012,192181.87258780684,5818.12741219328,2.938448187976402
54999.99999999995,54583.229058090175,416.7709419097737,0.757765348926862
109999.99999999991,109689.4844318409,310.5155681590113,0.282286880144556
139999.9999999999,143748.59281193142,3748.5928119315067,2.6775662942367924
65000.00000000002,99974.72806813991,34974.72806813989,53.80727395098444
105000.00000000003,104589.79743634828,410.2025636517501,0.39066910823976186
130000.00000000006,129502.40400203528,497.59599796477414,0.3827661522805953
163978.00000000003,158093.89662359358,5884.103376406449,3.588349276370274
210000.0000000001,211396.4922851509,1396.4922851508018,0.6649963262622862
149999.99999999994,158901.52091385328,8901.52091385334,5.934347275902228
34999.99999999997,35663.18660850835,663.186608508382,1.8948188814525215
139999.9999999999,138474.17376477376,1525.8262352261518,1.0898758823043948
179999.99999999997,179443.1840683992,556.8159316007805,0.30934218422265586
179999.99999999997,176387.69513215992,3612.304867840052,2.006836037688918
34999.99999999997,35780.48756570218,780.4875657022058,2.2299644734348756
115000.00000000009,116737.91877827058,1737.9187782704976,1.5112337202352142
115000.00000000009,117362.36167126414,2362.3616712640505,2.0542275402296077
65000.00000000002,65248.80084709086,248.80084709083894,0.38277053398590594
108267.00000000007,112080.70069774122,3813.700697741151,3.522495956977794
109999.99999999991,121155.80301091458,11155.803010914664,10.14163910083152
31000.000000000022,30414.48170312137,585.5182968786503,1.8887686996085478
179999.99999999997,166838.39352676013,13161.606473239837,7.312003596244356
95000.00000000006,96838.83837499727,1838.8383749972127,1.935619342102328
60000.00000000002,59382.23797812801,617.7620218720112,1.029603369786685
108267.00000000007,112344.97461618151,4077.97461618144,3.7665905734724685
120000.00000000006,108542.09719207522,11457.902807924838,9.54825233993736
139999.9999999999,137631.9523106676,2368.0476893323066,1.691462635237363
109999.99999999991,111309.10201469113,1309.1020146912197,1.1900927406283826
25000.0,24904.565027114066,95.43497288593426,0.38173989154373705
85000.0,90832.07246423754,5832.072464237543,6.861261722632403
194999.99999999994,191408.86888164072,3591.131118359219,1.8416057017226768
101000.00000000009,101621.78812058865,621.7881205885642,0.6156318025629344
109999.99999999991,110649.17091361633,649.1709136164136,0.590155376014922
179999.99999999997,180439.39969051242,439.39969051245134,0.24411093917358412
165000.00000000006,145144.1399638993,19855.860036100756,12.033854567333787
47999.99999999998,48381.904194934636,381.9041949346574,0.7956337394472034
25000.0,25167.3413350519,167.3413350519004,0.6693653402076015
90999.99999999996,77677.52691427621,13322.473085723745,14.640080313982143
127346.0,129568.55751672294,2222.55751672294,1.7452904030931007
149999.99999999994,159773.00270604796,9773.00270604802,6.51533513736535
194999.99999999994,195401.73472201917,401.7347220192314,0.2060178061637085
179999.99999999997,181553.10633735056,1553.1063373505895,0.8628368540836608
170000.0,170310.98307897686,310.98307897686027,0.18293122292756486
39999.99999999997,39306.55881049871,693.4411895012599,1.733602973753151
54999.99999999995,54211.89520657199,788.1047934279559,1.4329178062326484
85000.0,84442.65675568637,557.3432443136262,0.6556979344866191
185000.00000000006,184789.555049932,210.44495006804937,0.11375402706381044
69999.99999999994,71135.4767198186,1135.47671981866,1.6221095997409445
89999.99999999997,86547.50064043803,3452.4993595619453,3.836110399513274
60000.00000000002,69576.22116115948,9576.221161159461,15.960368601932428
120000.00000000006,126914.59832333431,6914.598323334256,5.762165269445211
99000.00000000004,101051.13254355587,2051.1325435558247,2.0718510540967916
120000.00000000006,121575.01719451445,1575.0171945143957,1.3125143287619958
95000.00000000006,91797.96149505385,3202.0385049462056,3.3705668473117933
34999.99999999997,38274.76524920619,3274.765249206219,9.356472140589204
139999.9999999999,136035.9006328378,3964.0993671621254,2.8314995479729483
109999.99999999991,114825.20511160619,4825.205111606279,4.386550101460258
103999.99999999996,100553.72262231226,3446.2773776877,3.3137282477766363
130999.99999999993,127722.91435241063,3277.0856475892942,2.501592097396409
179999.99999999997,165644.89856700576,14355.101432994212,7.9750563516634525
179999.99999999997,180174.81987968678,174.81987968680914,0.09712215538156065
185000.00000000006,185999.98848238977,999.9884823897155,0.5405343148052515
191266.99999999985,188962.73902568527,2304.2609743145877,1.2047352519329468
54999.99999999995,54695.15122739741,304.84877260254143,0.554270495640985
190000.00000000012,191028.00393830225,1028.0039383021358,0.5410547043695448
170000.0,169057.6287367475,942.371263252513,0.5543360372073606
194999.99999999994,192243.64153737325,2756.3584626266966,1.4135171603213834
32000.000000000007,32850.62488596828,850.6248859682746,2.658202768650858
200000.00000000006,190581.38597510566,9418.6140248944,4.709307012447198
65000.00000000002,62390.601617817265,2609.398382182757,4.014459049511932
39999.99999999997,35945.823665767115,4054.176334232856,10.135440835582148
109999.99999999991,105953.53519555861,4046.4648044413043,3.678604367673916
190000.00000000012,194515.05804747506,4515.058047474944,2.376346340776285
31000.000000000022,30449.30984671492,550.6901532851007,1.776419849306775
170000.0,177009.35005018645,7009.350050186447,4.123147088344969
34999.99999999997,34479.543640363525,520.456359636446,1.4870181703898468
74999.99999999996,76744.5896032846,1744.5896032846504,2.326119471046202
54999.99999999995,55175.93514382778,175.93514382783178,0.31988207968696714
179999.99999999997,171138.96201650205,8861.037983497925,4.92279887972107
130000.00000000006,122222.5790287672,7777.420971232859,5.982631516332966
25000.0,25527.338679409313,527.338679409313,2.109354717637252
194999.99999999994,199298.56294185933,4298.562941859389,2.2043912522355846
50000.00000000001,59987.59132826466,9987.59132826465,19.9751826565293
130000.00000000006,128924.32909553584,1075.6709044642193,0.8274391572801684
130000.00000000006,130649.14186948826,649.1418694882013,0.4993398996063085
130000.00000000006,130722.95091191062,722.9509119105642,0.5561160860850491
95999.99999999996,90822.83945352447,5177.160546475483,5.392875569245297
210000.0000000001,211396.4922851509,1396.4922851508018,0.6649963262622862
60000.00000000002,60399.58151946564,399.581519465617,0.6659691991093615
69999.99999999994,74974.17763992597,4974.177639926027,7.105968057037187
170000.0,168907.79807427034,1092.2019257296633,0.6424717210174491
190000.00000000012,193862.5435739849,3862.543573984789,2.0329176705183087
95000.00000000006,89401.04517265176,5598.954827348294,5.893636660366622
54999.99999999995,55454.10364693178,454.1036469318278,0.8256429944215059
155000.0,154647.3043844724,352.6956155275984,0.22754555840490223
69999.99999999994,72070.29503861481,2070.295038614873,2.9575643408783927
170000.0,171894.4328879363,1894.432887936302,1.1143722870213542
159999.9999999999,160910.1968907223,910.1968907223782,0.5688730567014867
65000.00000000002,60429.03785679874,4570.962143201279,7.032249451078888
191266.99999999985,187141.685640027,4125.314359972865,2.1568353976236714
54999.99999999995,54377.56111852434,622.4388814756094,1.1317070572283818
50000.00000000001,50257.61000232656,257.6100023265535,0.515220004653107
100000.00000000001,118279.5448982856,18279.54489828559,18.279544898285586
120000.00000000006,120925.26048220473,925.2604822046706,0.7710504018372251
139999.9999999999,161229.11629235165,21229.11629235174,15.163654494536965
60000.00000000002,61437.43508724332,1437.4350872432988,2.395725145405497
34999.99999999997,35099.49840805975,99.49840805977874,0.28428116588508234
25000.0,25377.639038954512,377.6390389545122,1.5105561558180487
119000.0000000001,118216.71180204842,783.2881979516824,0.6582253764299846
194999.99999999994,197375.87312678964,2375.8731267896947,1.2183964752767669
107895.00000000006,111902.25788430372,4007.257884303661,3.7140348341476983
39999.99999999997,40595.256055813836,595.2560558138648,1.4881401395346632
194999.99999999994,183949.66653416157,11050.333465838368,5.666837674788908
95000.00000000006,122266.29059276188,27266.290592761827,28.70135851869664
109999.99999999991,114464.21234709966,4464.212347099747,4.0583748609997725
159999.9999999999,157224.51187439827,2775.488125601638,1.7346800785010248
130000.00000000006,129225.15594406577,774.8440559342853,0.5960338891802192
39999.99999999997,40679.12090174465,679.1209017446818,1.6978022543617057
126592.99999999997,122016.83878049198,4576.161219507994,3.614861184668975
175000.00000000003,160794.5231384626,14205.476861537434,8.11741534944996
210000.0000000001,211117.62097857145,1117.6209785713581,0.5322004659863608
190000.00000000012,188756.21655274136,1243.7834472587565,0.6546228669782925
34999.99999999997,34500.13104247692,499.8689575230528,1.4281970214944377
190000.00000000012,190525.17250555888,525.1725055587594,0.2764065818730311
62000.000000000044,60534.80178011453,1465.1982198855112,2.36322293529921
190000.00000000012,187054.10153338307,2945.8984666170436,1.550472877166864
65000.00000000002,67479.99165347345,2479.9916534734293,3.8153717745745053
51999.99999999997,51631.15354729572,368.84645270425244,0.7093201013543321
190000.00000000012,189828.4946762836,171.50532371652662,0.09026595985080342
159999.9999999999,152384.82012697266,7615.179873027257,4.759487420642039
194999.99999999994,195238.04748462047,238.0474846205325,0.12207563313873465
130000.00000000006,125669.50760167654,4330.49239832352,3.3311479987103985
159999.9999999999,161781.8360016595,1781.836001659598,1.1136475010372493
54999.99999999995,54588.39496675825,411.60503324169986,0.7483727877121822
139999.9999999999,135886.4499319335,4113.550068066426,2.938250048618878
128999.00000000004,130597.55404347833,1598.5540434782888,1.2391987871830699
165000.00000000006,149876.09419420938,15123.90580579068,9.166003518661016
185000.00000000006,170037.29157839227,14962.708421607793,8.087950498166371
120000.00000000006,120703.75962526386,703.7596252638032,0.5864663543865023
105000.00000000003,104336.6106844566,663.3893155434343,0.631799348136604
109999.99999999991,108215.75262088927,1784.2473791106459,1.6220430719187704
50000.00000000001,50230.02937568477,230.02937568476045,0.46005875136952085
120000.00000000006,118177.96779207878,1822.0322079212783,1.5183601732677312
74999.99999999996,75629.20833247223,629.2083324722771,0.8389444432963699
54999.99999999995,57250.53251935363,2250.5325193536773,4.091877307915781
170000.0,183944.88875195116,13944.888751951163,8.20287573644186
170000.0,168683.44224156698,1316.5577584330167,0.7744457402547157
135000.00000000012,136610.72032252912,1610.7203225289995,1.193126164836295
109999.99999999991,105983.33546344368,4016.664536556229,3.65151321505112
95000.00000000006,94508.86280183858,491.1371981614793,0.5169865243805042
139999.9999999999,143748.59281193142,3748.5928119315067,2.6775662942367924
139999.9999999999,137939.16890867052,2060.831091329397,1.4720222080924275
185000.00000000006,182972.8492010907,2027.1507989093661,1.095757188599657
151999.99999999997,150013.76395954232,1986.2360404576466,1.3067342371431887
115000.00000000009,109067.07483660452,5932.925163395572,5.159065359474407
130000.00000000006,128958.04094105546,1041.9590589446016,0.801506968418924
74999.99999999996,76612.55957683579,1612.5595768358326,2.1500794357811115
194999.99999999994,191668.2080333567,3331.7919666432426,1.708611264945253
50000.00000000001,50325.46722345365,325.46722345364105,0.650934446907282
190000.00000000012,191548.309705687,1548.309705686872,0.8148998450983531
74999.99999999996,88676.34511176113,13676.34511176117,18.23512681568157
50000.00000000001,50707.79537118486,707.7953711848531,1.415590742369706
215000.00000000006,212858.73375349963,2141.266246500425,0.9959377890699648
25000.0,26319.459505093146,1319.4595050931457,5.277838020372583
149999.99999999994,172809.09562535517,22809.09562535523,15.206063750236826
139999.9999999999,136997.10220337895,3002.897796620964,2.144926997586404
105000.00000000003,105084.95042958538,84.95042958535487,0.08090517103367129
200000.00000000006,200857.68326984192,857.6832698418584,0.4288416349209291
170000.0,144203.94670482058,25796.053295179416,15.174148997164364
39999.99999999997,41201.855733977085,1201.8557339771141,3.004639334942788
162454.00000000003,162782.30084713435,328.30084713432007,0.2020884971341549
73640.00000000006,73290.31574663044,349.6842533696181,0.4748564005562436
109999.99999999991,108649.78905169554,1350.210948304375,1.2274644984585237
54999.99999999995,31317.378052240347,23682.621947759602,43.05931263229022
170000.0,168102.95422507182,1897.0457749281777,1.1159092793695162
115000.00000000009,110039.07793667431,4960.922063325779,4.313845272457196
155000.0,154207.5237273482,792.4762726518093,0.5112750146140704
69999.99999999994,86824.1073112153,16824.107311215354,24.034439016021953
65000.00000000002,65025.281905700176,25.28190570015431,0.03889523953869893
54999.99999999995,54981.53525741659,18.46474258336093,0.03357225924247445
